Page,Edits,Editors,Views,Date
Indian Premier League,222,69,20824192,May 2023
Index (statistics),13,11,20502745,January 2023
2023 Cricket World Cup,482,75,15958288,October 2023
The Idol (TV series),299,105,14303395,June 2023
J. Robert Oppenheimer,382,109,14211019,July 2023
Oppenheimer (film),1216,348,13952079,July 2023
Jawan (film),838,106,13620786,September 2023
2023 Indian Premier League,585,64,12968266,May 2023
Matthew Perry,813,311,11975239,October 2023
Cricket World Cup,114,22,10027952,October 2023
Sinéad O'Connor,603,223,8898539,July 2023
2023 Asia Cup,381,65,8613897,September 2023
Indian Premier League,215,43,8512012,April 2023
Barbie (film),1354,461,8411080,July 2023
Lisa Marie Presley,486,207,8401735,January 2023
Hamas,588,162,8236474,October 2023
Gaza Strip,266,95,8191698,October 2023
ChatGPT,112,59,8009498,April 2023
YouTube,24,19,7716744,March 2023
Tina Turner,573,219,7363657,May 2023
ChatGPT,162,60,7126714,May 2023
Israel,173,62,7008743,October 2023
Pathaan (film),801,136,6950455,January 2023
ChatGPT,284,95,6916888,March 2023
Oppenheimer (film),767,199,6903561,August 2023
Asia Cup,132,91,6856295,September 2023
Pathaan (film),565,110,6767938,February 2023
YouTube,29,19,6691030,October 2023
State of Palestine,61,36,6656663,October 2023
Leo (2023 Indian film),948,95,6633392,October 2023
Gadar 2,573,153,6594980,August 2023
Avatar: The Way of Water,845,297,6522721,January 2023
David Beckham,27,15,6487475,October 2023
The Last of Us (TV series),302,70,6387263,February 2023
Cleopatra,16,9,6184081,May 2023
Cleopatra,28,10,6165986,August 2023
Cleopatra,11,8,6126780,July 2023
YouTube,20,15,6058037,August 2023
ChatGPT,296,86,5947457,February 2023
YouTube,30,20,5908321,May 2023
Spider-Man: Across the Spider-Verse,855,266,5901497,June 2023
The Last of Us (TV series),599,166,5856521,January 2023
YouTube,40,25,5846356,September 2023
2023 Indian Premier League,935,142,5772880,April 2023
Cleopatra,24,15,5770640,June 2023
ChatGPT,195,57,5723544,June 2023
Guardians of the Galaxy Vol. 3,1346,531,5659124,May 2023
Cleopatra,4,4,5640571,September 2023
XXX: Return of Xander Cage,2,2,5474996,January 2023
Cleopatra,49,15,5417103,April 2023
J. Robert Oppenheimer,314,55,5356031,August 2023
ChatGPT,150,66,5349371,January 2023
Adipurush,996,169,5337008,June 2023
Rihanna,37,26,5330257,February 2023
Facebook,29,15,5295846,October 2023
XXX: Return of Xander Cage,2,2,5286904,October 2023
Cleopatra,13,8,5204577,January 2023
The Kerala Story,405,80,5071991,May 2023
Cleopatra,21,15,5063272,March 2023
Everything Everywhere All at Once,482,211,5061529,March 2023
Cleopatra,17,11,5044842,October 2023
Barbie (film),768,296,4992382,August 2023
Israeli–Palestinian conflict,67,38,4818141,October 2023
The Last of Us (TV series),267,86,4811343,March 2023
2023 Israel–Hamas war,8205,832,4802742,October 2023
Cleopatra,3,3,4668984,February 2023
Jailer (film),5,3,4611616,August 2023
Facebook,12,11,4580900,May 2023
YouTube,23,7,4558032,July 2023
Vivek Ramaswamy,545,165,4442733,August 2023
Mission: Impossible – Dead Reckoning Part One,641,275,4397159,July 2023
Charlotte of Mecklenburg-Strelitz,95,46,4385813,May 2023
Deaths in 2023,2468,203,4317756,January 2023
Killers of the Flower Moon (film),489,239,4308816,October 2023
The Super Mario Bros. Movie,1488,319,4279988,April 2023
Ant-Man and the Wasp: Quantumania,640,208,4253108,February 2023
Carlos Alcaraz,196,107,4239678,July 2023
Instagram,30,22,4184598,July 2023
Priscilla Presley,112,71,4173141,January 2023
YouTube,27,15,4164632,June 2023
XXX: Return of Xander Cage,1,1,4138433,August 2023
Deaths in 2023,1996,182,4135422,August 2023
Deaths in 2023,1975,187,4124371,March 2023
Deion Sanders,232,152,4114133,September 2023
Deaths in 2023,1849,168,4098365,July 2023
Sound of Freedom (film),698,169,4088865,July 2023
Deaths in 2023,1839,163,4078678,May 2023
XXXX (beer),44,34,4070806,October 2023
George III,29,15,4068827,May 2023
Deaths in 2023,2426,216,4057089,October 2023
Fast X,882,340,4043170,May 2023
The Flash (film),802,300,4025134,June 2023
Deaths in 2023,1743,169,3977664,June 2023
Wagner Group,169,101,3954572,June 2023
Lance Reddick,255,156,3937033,March 2023
Deaths in 2023,1830,180,3922728,April 2023
Facebook,10,6,3902810,July 2023
Deaths in 2023,1973,186,3895360,September 2023
Instagram,3,3,3890117,May 2023
John Wick: Chapter 4,430,186,3885623,March 2023
Elvis Presley,81,37,3794867,January 2023
The Menu (2022 film),359,160,3791447,January 2023
Deaths in 2023,1989,184,3757695,February 2023
Microsoft Windows,11,7,3701726,May 2023
Indiana Jones and the Dial of Destiny,1123,326,3687655,July 2023
Jimmy Buffett,452,189,3682323,September 2023
2023 Titan submersible incident,2,2,3600820,June 2023
Andrew Tate,318,90,3572917,January 2023
Damar Hamlin,721,216,3551218,January 2023
The Last of Us,71,39,3523963,January 2023
Facebook,4,3,3522448,June 2023
YouTube,16,12,3520449,April 2023
Brendan Fraser,215,137,3513117,March 2023
Valentine's Day,53,27,3477285,February 2023
Cillian Murphy,109,76,3476896,July 2023
XXX: Return of Xander Cage,5,3,3451374,September 2023
Riley Keough,73,37,3422178,January 2023
XXX (film series),7,4,3408197,March 2023
The Idol (TV series),214,86,3403233,July 2023
"Index, Washington",6,6,3390588,January 2023
Chandrayaan-3,684,220,3385289,August 2023
Margot Robbie,78,24,3378508,July 2023
2023 FIFA Women's World Cup,461,224,3369820,August 2023
Pedro Pascal,56,37,3366655,February 2023
Titanic,103,53,3321523,June 2023
The Fall of the House of Usher (miniseries),273,107,3310074,October 2023
Juneteenth,206,111,3272717,June 2023
Michelle Yeoh,371,176,3263208,March 2023
The Little Mermaid (2023 film),302,82,3244609,June 2023
Bray Wyatt,300,138,3233567,August 2023
Travis Kelce,122,54,3222755,September 2023
Novak Djokovic,161,42,3186553,July 2023
Royal Rumble (2023),1085,206,3180443,January 2023
Fast X,364,155,3178786,June 2023
Pedro Pascal,57,24,3163767,March 2023
Taylor Swift,147,30,3153164,October 2023
Malaysia Airlines Flight 370,161,102,3142015,March 2023
Raquel Welch,386,149,3129771,February 2023
Danny Masterson,144,78,3124713,September 2023
XXX: Return of Xander Cage,0,0,3086064,April 2023
Instagram,12,7,3078302,June 2023
Arnold Schwarzenegger,35,29,3068695,June 2023
Eurovision Song Contest 2023,919,185,3057676,May 2023
Charles III,355,92,3042684,May 2023
Ke Huy Quan,252,134,3032282,March 2023
95th Academy Awards,460,160,3031940,March 2023
List of highest-grossing films,157,26,3020371,January 2023
Hamish Harding,406,192,3013121,June 2023
The Equalizer 3,271,97,3008468,September 2023
Patrick Mahomes,162,60,2985373,February 2023
Christopher Nolan,72,39,2982327,July 2023
XXX (film series),0,0,2960496,July 2023
Jawan (film),79,18,2940365,October 2023
ChatGPT,93,51,2926034,July 2023
Instagram,7,6,2925683,August 2023
XXX: Return of Xander Cage,2,1,2901193,March 2023
WrestleMania 39,475,75,2889962,April 2023
XXXX (beer),16,13,2874878,September 2023
Jerry Springer,322,137,2845204,April 2023
Taylor Swift,130,42,2840895,September 2023
October 2023 Gaza−Israel conflict,2,2,2833688,October 2023
Index (economics),5,5,2823893,January 2023
YouTube,34,24,2804507,February 2023
West Bank,23,19,2765504,October 2023
Suzanne Somers,303,155,2757376,October 2023
The Little Mermaid (2023 film),468,110,2756142,May 2023
XXX (film series),0,0,2755097,June 2023
Travis Kelce,101,39,2746269,October 2023
Edgar Allan Poe,17,9,2739459,January 2023
Mission: Impossible (film series),159,54,2728403,July 2023
Greta Gerwig,87,57,2667193,July 2023
2023 Turkey–Syria earthquake,2,1,2652883,February 2023
XNXX,2,2,2652607,May 2023
Sex,23,7,2648415,July 2023
Varisu,596,103,2648035,January 2023
Beef (TV series),210,114,2645245,April 2023
List of American films of 2023,327,69,2639405,April 2023
M3GAN,930,333,2637958,January 2023
OMG 2,364,124,2625980,August 2023
Sex,1,1,2615876,May 2023
YouTube,24,17,2603870,January 2023
Jenna Ortega,188,45,2587896,January 2023
2023 FIFA Women's World Cup,474,189,2584035,July 2023
XXX: Return of Xander Cage,2,2,2582026,June 2023
Premier League,95,45,2568659,May 2023
The Whale (2022 film),198,99,2553836,March 2023
Lionel Messi,170,52,2539760,June 2023
List of highest-grossing Indian films,186,29,2534289,September 2023
Creed III,396,193,2531094,March 2023
Paul Reubens,187,87,2530854,August 2023
Five Nights at Freddy's (film),673,169,2520140,October 2023
Jamie Lee Curtis,72,36,2507053,March 2023
Pamela Anderson,67,31,2503053,February 2023
India at the 2022 Asian Games,2052,210,2502526,October 2023
Denial-of-service attack,2,2,2496899,September 2023
Succession (TV series),212,73,2464240,May 2023
Nikola Jokić,196,56,2459279,June 2023
Facebook,22,13,2452552,August 2023
Jeff Beck,189,83,2447745,January 2023
Inter Miami CF,158,89,2440573,August 2023
Murdaugh family,407,130,2437702,March 2023
Blue Beetle (film),494,217,2419679,August 2023
Sex,21,14,2419398,October 2023
List of highest-grossing Indian films,233,31,2416942,February 2023
Ted Kaczynski,298,115,2406145,June 2023
Sex,5,3,2402741,September 2023
Elizabeth II,19,10,2396240,May 2023
One Piece (2023 TV series),330,127,2389026,September 2023
2022 Asian Games,123,37,2388874,October 2023
Kiara Advani,62,23,2383820,February 2023
Cristiano Ronaldo,62,29,2383440,January 2023
India national cricket team,194,69,2374586,October 2023
The Equalizer 3,98,44,2371936,October 2023
Huw Edwards,312,122,2367855,July 2023
XXXX (beer),24,22,2367200,August 2023
Bella Ramsey,43,25,2358913,February 2023
The Fall of the House of Usher,20,15,2357569,October 2023
Transformers: Rise of the Beasts,277,84,2355020,June 2023
The Last of Us,19,10,2338016,February 2023
Lewis Strauss,71,43,2325259,July 2023
Sex,4,4,2316315,August 2023
Pakistan Super League,147,83,2313056,March 2023
Robert F. Kennedy Jr.,168,72,2310559,June 2023
Yevgeny Prigozhin,390,161,2273016,August 2023
Taylor Swift,133,33,2270302,July 2023
Oppenheimer (film),587,225,2269042,September 2023
John Wick: Chapter 4,364,153,2256720,April 2023
Ken Block,210,111,2252703,January 2023
Queen Victoria,16,12,2247162,May 2023
Steve Harwell,265,145,2244366,September 2023
Palestinian territories,21,14,2222456,October 2023
Evil Dead Rise,240,69,2216008,April 2023
Jeremy Renner,95,41,2199853,January 2023
Jailer (2023 Tamil film),88,24,2198693,September 2023
Victoria Beckham,5,5,2195108,October 2023
The White Lotus,72,38,2193009,January 2023
XXX (film series),0,0,2185792,May 2023
Hannah Waddingham,42,32,2180100,May 2023
Wimbledon Championships,110,58,2178805,July 2023
Sex,4,3,2178067,June 2023
Lionel Messi,109,40,2164557,August 2023
Katherine Oppenheimer,43,28,2152560,July 2023
XXX (film series),0,0,2146266,October 2023
Coco Gauff,187,93,2142307,September 2023
ChatGPT,20,14,2136737,October 2023
Bella Ramsey,73,48,2136412,March 2023
Kisi Ka Bhai Kisi Ki Jaan,366,59,2131556,April 2023
Ryan Gosling,33,16,2130505,July 2023
ChatGPT,39,22,2120546,September 2023
OSIRIS-REx,217,76,2120005,September 2023
XXX (film series),1,1,2116765,September 2023
XXX (film series),0,0,2096470,February 2023
Flipkart,11,7,2093317,July 2023
FIFA Women's World Cup,177,95,2083004,August 2023
Ahsoka (TV series),279,131,2082603,September 2023
Pathaan (film),210,66,2081237,March 2023
Guardians of the Galaxy Vol. 3,154,61,2076113,June 2023
Tom Cruise,16,16,2075460,July 2023
Tony Bennett,383,162,2070162,July 2023
Shazam! Fury of the Gods,545,236,2069524,March 2023
Taylor Swift,138,35,2064649,August 2023
The Super Mario Bros. Movie,364,118,2064138,May 2023
The Nun II,272,88,2062682,September 2023
Angus Cloud,96,66,2055570,August 2023
Daisy Jones & The Six,0,0,2041791,March 2023
XXX (film series),0,0,2031414,August 2023
Twitter,409,169,2028560,July 2023
Benjamin Netanyahu,46,32,2025546,October 2023
September 11 attacks,131,55,2025331,September 2023
Yevgeny Prigozhin,154,88,2023575,June 2023
Jimmy Carter,285,76,2020168,February 2023
Treat Williams,418,112,2008906,June 2023
Avatar: The Way of Water,171,53,2001230,February 2023
2023 Rugby World Cup,281,115,1999714,October 2023
Mike Johnson (Louisiana politician),0,0,1993370,October 2023
Saint Patrick's Day,174,112,1991218,March 2023
Facebook,10,9,1987819,September 2023
Alan Rickman,35,25,1987437,April 2023
The Flash (film),339,146,1987080,July 2023
Lionel Messi,83,40,1986903,July 2023
Extraction 2,206,105,1979651,June 2023
Kai the Hatchet-Wielding Hitchhiker,3,1,1977312,January 2023
India national cricket team,233,76,1975367,September 2023
Spider-Man: Into the Spider-Verse,149,93,1967717,June 2023
Cocaine Bear,356,134,1963352,February 2023
Instagram,7,7,1955529,April 2023
Independence Day (India),37,26,1948521,August 2023
XXXTentacion,25,11,1946548,May 2023
2023 Rugby World Cup,292,126,1944345,September 2023
Queen Charlotte: A Bridgerton Story,156,66,1940985,May 2023
Gadar 2,160,64,1940294,September 2023
Instagram,9,9,1936893,March 2023
Michael Jordan,21,15,1935051,May 2023
Brock Purdy,252,102,1934708,January 2023
Mother's Day,10,10,1929486,May 2023
Premier League,77,51,1927949,April 2023
Succession (TV series),239,69,1925872,April 2023
Everything Everywhere All at Once,267,119,1921021,January 2023
Glass Onion: A Knives Out Mystery,237,94,1920097,January 2023
XXXX (beer),23,20,1912585,July 2023
Super Bowl LVII,545,156,1910746,February 2023
Secret Invasion (TV series),0,0,1909240,July 2023
XXX (film series),1,1,1907780,April 2023
ChatGPT,54,28,1906589,August 2023
George Santos,1184,196,1906258,January 2023
Wednesday (TV series),112,52,1905140,January 2023
Bijou Phillips,111,55,1902737,September 2023
The Banshees of Inisherin,238,121,1901473,January 2023
Black Panther: Wakanda Forever,88,33,1901150,February 2023
Coco Lee,348,159,1895225,July 2023
Scream VI,693,163,1894324,March 2023
The Witcher (TV series),132,53,1892377,July 2023
Hogwarts Legacy,499,99,1892233,February 2023
Hezbollah,46,26,1884885,October 2023
Kevin McCarthy,304,137,1884451,January 2023
XXX: Return of Xander Cage,0,0,1884036,February 2023
2023 ICC World Test Championship final,247,52,1876874,June 2023
Travis Kelce,113,61,1875013,February 2023
Keanu Reeves,20,15,1864646,March 2023
Omegle,17,5,1860970,May 2023
Jerusalem,22,14,1855824,October 2023
Premier League,41,17,1852742,August 2023
Tu Jhoothi Main Makkaar,823,254,1852670,March 2023
Riley Keough,22,17,1851289,March 2023
Bob Barker,162,75,1851192,August 2023
Russell Brand,482,111,1847734,September 2023
Cristiano Ronaldo,80,24,1845784,March 2023
George Michael,28,15,1840186,July 2023
2023 Speaker of the United States House of Representatives election,0,0,1837032,January 2023
Christian Atsu,339,176,1834180,February 2023
Nikki Haley,258,101,1834107,February 2023
2023 FIBA Basketball World Cup,529,134,1831953,September 2023
Bernie Madoff,17,12,1831105,January 2023
Cocaine Bear,166,52,1829177,March 2023
Instagram,10,7,1822623,September 2023
Avatar (2009 film),50,22,1822328,January 2023
G20,177,108,1816629,September 2023
Wikipedia,62,29,1815488,January 2023
List of American films of 2023,253,61,1809867,February 2023
Jean Tatlock,35,21,1804463,July 2023
WrestleMania 39,686,146,1803371,March 2023
Twitter,160,100,1802531,August 2023
Website,1,1,1799628,March 2023
Lucy Letby,1095,212,1799347,August 2023
Wreck of the Titanic,178,121,1798661,June 2023
Bella Ramsey,184,94,1797752,January 2023
Meg 2: The Trench,370,184,1795238,August 2023
Guardians of the Galaxy Vol. 3,115,56,1794594,July 2023
Sidharth Malhotra,78,24,1794557,February 2023
Jenna Ortega,88,46,1793937,March 2023
XXXX (beer),25,22,1793639,April 2023
Saw X,471,148,1793594,October 2023
ASAP Rocky,10,8,1792439,February 2023
2023 Cricket World Cup,185,40,1789672,September 2023
LeBron James,53,35,1783605,May 2023
Cristiano Ronaldo,69,26,1777929,October 2023
2023 Asia Cup,335,109,1777619,August 2023
Nikola Jokić,137,37,1774056,May 2023
Tommy Fury,104,57,1765963,February 2023
Wikipedia,28,19,1764896,September 2023
Puss in Boots: The Last Wish,431,99,1763308,January 2023
2022 Asian Games,264,75,1754647,September 2023
XXXTentacion,22,13,1752937,January 2023
Cristiano Ronaldo,55,29,1749391,February 2023
Shahzada Dawood,458,180,1749083,June 2023
Cristiano Ronaldo,93,36,1743413,August 2023
The Pale Blue Eye,113,63,1741889,January 2023
Wikipedia,33,17,1741469,October 2023
Wikipedia,77,38,1739841,August 2023
Indiana Jones and the Dial of Destiny,490,199,1736860,June 2023
Chandrayaan-3,353,165,1734008,July 2023
Instagram,20,14,1729683,February 2023
Elemental (2023 film),375,114,1727626,June 2023
OceanGate,620,214,1727442,June 2023
Algebraic notation (chess),70,34,1723125,July 2023
One Piece,23,10,1722749,September 2023
Night of Champions (2023),693,191,1720735,May 2023
Kitty O'Neil,92,60,1719583,March 2023
Jon Jones,66,38,1719395,March 2023
Ted Lasso,167,90,1717277,May 2023
Thunivu,441,99,1716524,January 2023
Miley Cyrus,38,22,1716067,January 2023
Wikipedia,30,20,1715327,July 2023
Tom Sizemore,181,79,1714480,March 2023
Jane Birkin,395,134,1713109,July 2023
Robert De Niro,30,18,1709435,May 2023
Facebook,22,10,1705129,April 2023
World Baseball Classic,579,113,1703608,March 2023
List of Black Mirror episodes,86,48,1703076,June 2023
Barbie,78,33,1702903,July 2023
The Creator (2023 film),333,134,1701566,October 2023
Murdaugh family,112,66,1699247,February 2023
Margot Robbie,22,14,1698583,August 2023
Taylor Swift,194,59,1694992,May 2023
Anna Nicole Smith,60,37,1693499,May 2023
2023 NFL Draft,727,131,1692559,April 2023
Ray Stevenson,246,137,1688051,May 2023
Instagram,7,6,1687753,January 2023
Jon Rahm,144,82,1687533,April 2023
The Last of Us,12,8,1686831,March 2023
LeBron James,119,43,1682660,February 2023
Robert F. Kennedy Jr.,149,50,1668303,July 2023
Republic Day (India),58,46,1667127,January 2023
Ansel Adams,11,6,1663839,October 2023
Ike Turner,78,55,1663737,May 2023
Alia Bhatt,43,9,1662799,August 2023
XXX,0,0,1662026,June 2023
Zionism,22,14,1660490,October 2023
Ryan Gosling,20,9,1658766,August 2023
XXXTentacion,19,8,1657516,February 2023
2023 Karnataka Legislative Assembly election,650,83,1649244,May 2023
XXXX (beer),6,6,1648924,May 2023
Barbie (film),383,174,1648754,September 2023
Knock at the Cabin,330,129,1645077,February 2023
Evil Dead Rise,196,60,1644386,May 2023
Flipkart,12,7,1641239,June 2023
LK-99,1004,237,1640299,August 2023
Paul Reubens,112,51,1640242,July 2023
XXXTentacion,12,7,1640043,March 2023
Yom Kippur War,75,37,1638738,October 2023
Navarone Garibaldi,31,28,1635277,January 2023
Al Nassr FC,156,81,1633417,August 2023
2023 Cricket World Cup,325,46,1632180,June 2023
Novak Djokovic,144,48,1631718,June 2023
Burt Bacharach,267,113,1630241,February 2023
Omegle,3,3,1628762,July 2023
2022 Russian invasion of Ukraine,0,0,1627282,January 2023
The Bear (TV series),74,34,1626823,July 2023
Boston Marathon bombing,68,53,1625314,April 2023
Halloween,50,22,1623183,October 2023
Harry Styles,37,19,1623048,February 2023
Elon Musk,118,33,1621930,July 2023
United States,231,40,1621072,March 2023
2022 Russian invasion of Ukraine,0,0,1620905,February 2023
Elon Musk,119,42,1619402,September 2023
Premier League,111,70,1613109,January 2023
Keanu Reeves,33,13,1608220,April 2023
Robert F. Kennedy Jr.,175,75,1607707,April 2023
Kim Petras,40,28,1603654,February 2023
Premier League,87,54,1603354,February 2023
Atlee (director),71,40,1603087,September 2023
Taylor Swift,107,29,1602342,June 2023
Virat Kohli,67,36,1602215,October 2023
Ansel Adams,6,6,1587042,September 2023
Google Translate,17,14,1586842,October 2023
Al Nassr FC,222,127,1582605,January 2023
Novak Djokovic,128,53,1582495,September 2023
United States,170,52,1582177,May 2023
Cillian Murphy,55,37,1579489,August 2023
Sinéad O'Connor,169,56,1575652,August 2023
Premier League,23,13,1573990,September 2023
Gaza City,33,21,1571865,October 2023
Silicon Valley Bank,620,217,1571557,March 2023
India,71,25,1571471,September 2023
Tyson Fury,26,14,1571257,August 2023
Manhattan Project,43,21,1570919,July 2023
Florence Pugh,38,26,1569224,July 2023
Sophie Turner,124,77,1568186,September 2023
Premier League,105,76,1565294,March 2023
Heart of Stone (2023 film),146,72,1563223,August 2023
Ali Wong,69,39,1562362,April 2023
Julian Sands,305,135,1560791,June 2023
Guardians of the Galaxy Vol. 3,81,45,1556548,August 2023
2023 Turkish presidential election,744,140,1554928,May 2023
Lionel Messi,79,24,1554122,January 2023
Ginny & Georgia,195,70,1553762,January 2023
The Mandalorian,86,50,1552496,March 2023
SummerSlam (2023),330,89,1550123,August 2023
2023 Southeast Asian Games,2,2,1549667,May 2023
Omegle,6,5,1537642,June 2023
Cristiano Ronaldo,43,23,1535182,June 2023
Johnny Manziel,30,12,1530101,August 2023
Jimmy Butler,57,25,1527869,May 2023
Peter Sutcliffe,47,30,1525864,October 2023
2023 World Baseball Classic,360,142,1524547,March 2023
Bruce Willis,23,13,1521875,March 2023
Satish Kaushik,124,65,1519336,March 2023
Atique Ahmed,2,2,1518839,April 2023
Andrew Ridgeley,24,20,1518317,July 2023
David Crosby,390,118,1516699,January 2023
History of Israel,6,6,1511845,October 2023
Bruce Willis,53,27,1509426,February 2023
Loki (season 2),357,98,1508023,October 2023
Fast & Furious,239,104,1506722,May 2023
Elon Musk,23,16,1505483,April 2023
List of highest-grossing films,98,13,1504358,February 2023
Lionel Messi,38,19,1503742,October 2023
Black Mirror,49,32,1502777,June 2023
Jennifer Coolidge,59,38,1502701,January 2023
United States,133,47,1500771,January 2023
Atomic bombings of Hiroshima and Nagasaki,36,21,1500448,July 2023
Annie Wersching,113,59,1499823,January 2023
Instagram,13,11,1499812,October 2023
Michael Gambon,187,90,1499799,September 2023
Mission: Impossible – Dead Reckoning Part One,288,137,1491958,August 2023
Donald Trump,335,84,1483976,August 2023
Joe Burrow,121,20,1483662,January 2023
Stockton Rush,410,168,1483032,June 2023
Gen V,183,73,1482514,October 2023
Pedro Pascal,59,35,1481656,January 2023
Burning Man,122,74,1481232,September 2023
Jason Kelce,97,48,1480227,February 2023
Premier League,63,8,1479588,October 2023
XXX (2002 film),6,5,1477054,August 2023
Harry Belafonte,346,136,1476975,April 2023
Dzhokhar Tsarnaev,139,37,1476102,April 2023
Six-Day War,26,19,1475776,October 2023
Blue Beetle (film),301,142,1473005,September 2023
Loreen (singer),6,1,1472696,May 2023
Regional Snowfall Index,0,0,1466792,March 2023
Matty Healy,956,43,1466141,May 2023
Avatar: The Way of Water,28,22,1463293,June 2023
Elvis Presley,28,12,1462289,March 2023
Google,28,15,1460359,March 2023
Google,23,16,1459620,May 2023
Mac McClung,74,44,1458931,February 2023
Elimination Chamber (2023),497,138,1456966,February 2023
Sam Kerr,71,52,1455045,August 2023
Gervonta Davis,144,82,1450259,April 2023
XXXTentacion,17,11,1449024,July 2023
Rachin Ravindra,136,90,1448999,October 2023
Pakistan Super League,79,45,1446339,February 2023
United States,335,37,1445937,July 2023
United States,481,64,1443195,April 2023
United States,172,51,1438189,October 2023
Five Nights at Freddy's,62,32,1436378,October 2023
Ansel Adams,3,3,1436068,July 2023
Sex,8,3,1435660,April 2023
Kim Mulkey,36,28,1434326,April 2023
Ansel Adams,7,5,1433840,January 2023
Sound of Freedom (film),120,40,1433488,August 2023
Elemental (2023 film),166,49,1432251,July 2023
Tom Brady,170,58,1432020,February 2023
Ahsoka (TV series),218,102,1431194,August 2023
Albert Einstein,187,20,1429519,July 2023
2023 FIBA Basketball World Cup,346,87,1428622,August 2023
Patrick Mahomes,74,28,1426243,January 2023
Annie Wersching,40,23,1418364,February 2023
Manchester City F.C.,106,33,1418065,May 2023
Ruth Handler,62,29,1417747,July 2023
Harrison Ford,30,19,1415503,July 2023
Jalen Hurts,98,52,1415053,February 2023
The Little Mermaid (2023 film),143,52,1414429,July 2023
Lionel Messi,129,37,1409457,March 2023
No Hard Feelings (2023 film),32,15,1408266,August 2023
Women's Premier League (cricket),177,53,1408215,March 2023
RRR (film),0,0,1407986,March 2023
XXXTentacion,8,8,1407591,June 2023
Gordon Lightfoot,252,120,1407537,May 2023
United States,125,36,1406476,June 2023
Index,8,4,1405437,January 2023
Ansel Adams,4,4,1404197,August 2023
Jim Caviezel,90,62,1398703,July 2023
Chris Rock,27,19,1396588,March 2023
FIFA Women's World Cup,29,26,1395170,July 2023
Wikipedia,37,21,1394836,June 2023
Cristiano Ronaldo,64,24,1393201,September 2023
United States,157,34,1392906,February 2023
Brendan Fraser,94,45,1392460,January 2023
Priyanka Chopra,27,15,1387814,May 2023
Jonathan Majors,130,83,1387719,March 2023
Austin Butler,127,55,1387497,January 2023
Wrexham A.F.C.,169,102,1382104,April 2023
Google Translate,2,2,1381841,August 2023
John Bennett Perry,78,45,1380727,October 2023
Lewis Strauss,69,29,1380586,August 2023
United States,258,38,1379479,August 2023
Tucker Carlson,164,79,1379340,April 2023
Ana de Armas,44,31,1378678,April 2023
List of highest-grossing Indian films,81,18,1378462,October 2023
Ansel Adams,7,6,1378116,March 2023
Taylor Swift,151,59,1377542,April 2023
David McCallum,164,99,1375902,September 2023
Zlatan Ibrahimović,133,51,1373225,June 2023
The Pope's Exorcist,51,21,1371398,May 2023
Altina Schinasi,108,78,1371009,August 2023
George IV,13,12,1370866,May 2023
Twitter,48,39,1370376,September 2023
Donald Trump,161,67,1368756,April 2023
India at the 2022 Asian Games,1939,168,1368699,September 2023
Nayanthara,80,33,1367960,September 2023
XXXX (beer),9,8,1363886,June 2023
James Cameron,59,46,1362223,June 2023
John Wick: Chapter 4,147,69,1361755,May 2023
Ryan Garcia,46,36,1358008,April 2023
Andrew Tate,39,22,1356486,March 2023
Starfield (video game),272,96,1356448,September 2023
List of American films of 2023,209,54,1356390,June 2023
Richard Sackler,40,26,1355804,August 2023
Wikipedia,47,27,1351349,February 2023
Spider-Man: Across the Spider-Verse,564,239,1351182,July 2023
Google Translate,0,0,1348683,September 2023
Brownie (folklore),4,4,1348568,July 2023
Moon Bin,1,1,1347846,April 2023
Martin Luther King Jr.,39,22,1347228,January 2023
Avatar: The Way of Water,139,37,1346854,March 2023
Nowruz,59,31,1346273,March 2023
Ansel Adams,14,11,1346034,April 2023
Cristiano Ronaldo,54,21,1344878,July 2023
Bobby Charlton,149,93,1344372,October 2023
History of Palestine,13,10,1343466,October 2023
Napoleon,97,29,1342734,July 2023
2023 in film,445,148,1341850,August 2023
Novak Djokovic,139,41,1340086,January 2023
India,34,15,1338348,March 2023
Iron Dome,23,16,1337105,October 2023
Air (2023 film),117,44,1336610,May 2023
Richard Belzer,221,90,1336092,February 2023
Cristiano Ronaldo,35,13,1335951,May 2023
India,42,15,1331936,August 2023
The Night Agent,106,50,1331829,April 2023
United States,214,41,1330857,September 2023
Brooke Shields,37,18,1330402,April 2023
Andrew Tate,36,23,1328164,April 2023
Mackenyu,53,29,1327212,September 2023
Inter Miami CF,136,84,1326415,July 2023
"William, Prince of Wales",55,21,1325592,May 2023
Candy Montgomery,16,15,1325013,May 2023
George VI,31,18,1324110,May 2023
Elon Musk,80,27,1321626,May 2023
Ant-Man and the Wasp: Quantumania,216,71,1319993,March 2023
Knives Out,34,24,1318147,January 2023
Succession (TV series),56,35,1316255,June 2023
Tommy Lee,9,7,1315439,February 2023
Paul O'Grady,137,66,1314612,March 2023
Ben Shelton (tennis),0,0,1312970,September 2023
Ansel Adams,4,4,1311820,May 2023
No Hard Feelings (2023 film),217,106,1311381,June 2023
Gwyneth Paltrow,71,45,1310076,March 2023
Whitney Houston,59,17,1307850,April 2023
Ansel Adams,3,3,1307290,June 2023
Rocky Aur Rani Kii Prem Kahaani,222,34,1307232,August 2023
Yellowstone (American TV series),60,26,1305597,January 2023
Ted Lasso,104,63,1304930,June 2023
Andrew Tate,48,23,1303735,February 2023
Transformers: Rise of the Beasts,139,39,1302726,July 2023
Justin Roiland,180,113,1302181,January 2023
Ron DeSantis,445,78,1301649,May 2023
Cristiano Ronaldo,26,14,1299964,April 2023
John Wick (film),194,59,1299888,March 2023
India,77,28,1297783,July 2023
The Exorcist: Believer,554,156,1296911,October 2023
Tyson Fury,59,24,1294250,October 2023
Lily-Rose Depp,53,32,1293915,June 2023
Facebook,17,10,1293526,March 2023
Super Bowl,62,42,1293100,February 2023
Brooklyn Beckham,9,8,1292479,October 2023
That '90s Show,245,104,1291435,January 2023
Keri Russell,24,15,1291285,April 2023
Ashton Kutcher,6,5,1289670,February 2023
India,32,18,1289381,June 2023
India,38,16,1288893,January 2023
Ansel Adams,2,1,1287375,February 2023
Elon Musk,111,36,1282964,August 2023
India,73,31,1281989,May 2023
Shubman Gill,93,46,1281181,May 2023
Dungeons & Dragons: Honor Among Thieves,372,135,1280021,April 2023
Oppenheimer (film),113,49,1278405,October 2023
Alia Bhatt,13,6,1278248,September 2023
RRR (film),0,0,1277230,January 2023
Secret Invasion (TV series),0,0,1276348,June 2023
Barbenheimer,877,296,1275500,July 2023
William IV,20,12,1273122,May 2023
Flipkart,6,5,1272560,October 2023
Kaleidoscope (American TV series),199,83,1272518,January 2023
Internet,3,3,1271148,March 2023
Boston Strangler,38,23,1270858,March 2023
Maryland,10,10,1270521,April 2023
Andrew Tate,38,26,1267060,June 2023
Transformers (film series),239,92,1265866,June 2023
XXXX,0,0,1264718,January 2023
2023 World Athletics Championships,280,86,1261887,August 2023
Elton John,14,9,1261873,June 2023
The Mandalorian (season 3),225,84,1261589,March 2023
OpenAI,153,78,1260986,January 2023
The Super Mario Bros. Movie,150,57,1255588,June 2023
Sex Education (TV series),107,53,1255124,September 2023
Al-Aqsa Mosque,8,6,1254821,October 2023
List of Super Bowl champions,55,16,1254072,February 2023
.xxx,0,0,1251391,August 2023
Neymar,103,42,1250902,August 2023
ISRO,119,39,1247598,August 2023
2023 Cricket World Cup,65,25,1245630,May 2023
Nowhere (2023 film),40,17,1245583,October 2023
Dasara (film),137,41,1245516,April 2023
Death of Tyre Nichols,1,1,1243787,January 2023
The Mandalorian,73,41,1242596,April 2023
Ke Huy Quan,137,78,1242006,January 2023
UEFA Champions League,29,7,1241316,October 2023
Byford Dolphin,32,19,1241272,June 2023
Google Translate,1,1,1240874,May 2023
Aubrey Plaza,26,18,1240174,January 2023
Selena Gomez,51,16,1237691,March 2023
Twitter,57,39,1237094,May 2023
World Chess Championship 2023,923,173,1236920,April 2023
Reptile (film),56,29,1236421,October 2023
XXX (2002 film),0,0,1233292,February 2023
Liam Hemsworth,7,5,1229707,January 2023
Turkey,216,26,1228549,February 2023
Elon Musk,64,19,1227813,June 2023
Elon Musk,41,21,1227220,January 2023
Stetson Bennett,121,78,1226326,January 2023
Alia Bhatt,15,6,1224032,October 2023
Kevin McCarthy,282,111,1223607,October 2023
Indiana Jones and the Dial of Destiny,132,52,1223362,August 2023
Australian Open,71,37,1222678,January 2023
Sylvester Stallone,10,7,1220064,March 2023
.xxx,2,2,1218803,September 2023
Lionel Messi,99,25,1218241,May 2023
Sandra Bullock,22,18,1218200,August 2023
Dianne Feinstein,213,118,1217556,September 2023
Ezra Miller,72,30,1216856,June 2023
Manchester City F.C.,148,50,1215718,June 2023
Olivia Rodrigo,69,41,1215116,September 2023
Anya Taylor-Joy,43,27,1214808,January 2023
The Nun II,159,50,1213211,October 2023
Mario Molina,38,32,1211241,March 2023
Indian Premier League,110,38,1210399,March 2023
International Women's Day,385,81,1209906,March 2023
Facebook,13,9,1209705,February 2023
Sridevi,38,30,1208830,August 2023
Ons Jabeur,114,53,1207871,July 2023
Pope Benedict XVI,307,98,1207407,January 2023
Lionel Messi,89,34,1205290,February 2023
Google Translate,5,4,1204122,June 2023
The Whale (2022 film),188,84,1202779,January 2023
Sam Smith,29,19,1201864,February 2023
XXXX,0,0,1198985,March 2023
Ismail Haniyeh,31,15,1197791,October 2023
Lionel Messi,36,22,1197651,September 2023
India,22,15,1197421,October 2023
XXX (2002 film),1,1,1195160,January 2023
XXXTentacion,6,6,1192044,August 2023
UEFA Euro 2024 qualifying,114,48,1191620,October 2023
BRICS,179,63,1189889,August 2023
The Mother (2023 film),141,60,1189725,May 2023
Elon Musk,96,39,1188724,October 2023
2023 Cricket World Cup Qualifier,572,122,1188272,June 2023
The Glory (TV series),135,37,1188107,March 2023
Leopard 2,262,84,1185858,January 2023
Babylon (2022 film),359,130,1185411,January 2023
Palestinians,28,14,1184260,October 2023
Victor Wembanyama,80,40,1183903,June 2023
Michael Jackson,70,21,1181864,January 2023
2023–24 UEFA Champions League,129,65,1180868,August 2023
Daniil Medvedev,86,50,1180786,September 2023
Indiana Jones,150,69,1179392,July 2023
A Haunting in Venice,465,157,1178886,September 2023
Dylan Mulvaney,126,40,1177596,April 2023
George V,9,6,1176934,May 2023
Markéta Vondroušová,191,86,1175920,July 2023
Silo (TV series),119,45,1174492,May 2023
Velma (TV series),439,173,1174146,January 2023
Elon Musk,31,21,1174002,March 2023
India,135,23,1171667,February 2023
List of NBA champions,36,23,1170837,May 2023
Greta Gerwig,84,41,1170637,August 2023
Alia Bhatt,10,7,1170204,July 2023
List of Hindi films of 2023,243,52,1169281,August 2023
Jason Kelce,25,21,1168424,September 2023
XXXTentacion,7,6,1167264,October 2023
Indiana Jones and the Dial of Destiny,83,54,1166623,September 2023
Hayley Atwell,41,13,1165311,July 2023
Aryna Sabalenka,126,52,1164255,September 2023
Ted Lasso,159,63,1164208,April 2023
Twitter,39,24,1163620,June 2023
Ramadan,16,10,1163595,March 2023
Google Translate,16,7,1163122,July 2023
Vivek Ramaswamy,68,28,1160708,September 2023
Ponniyin Selvan: II,230,104,1160696,May 2023
Erling Haaland,99,36,1159976,May 2023
YNW Melly,13,8,1159860,June 2023
Chelsea F.C.,84,37,1159512,August 2023
Swarm (TV series),122,73,1159273,March 2023
Gmail,0,0,1159172,May 2023
Mandatory Palestine,97,9,1158230,October 2023
Silo (TV series),121,44,1158147,June 2023
Elizabeth II,82,26,1156681,January 2023
India,69,32,1156550,April 2023
List of Super Bowl halftime shows,72,43,1156537,February 2023
Karl Lagerfeld,55,43,1156483,May 2023
Shah Rukh Khan,79,23,1155981,September 2023
XXX (film series),1,1,1155242,January 2023
Shakira,34,24,1154676,January 2023
Russian invasion of Ukraine,156,47,1152992,June 2023
Fast X,170,73,1151803,July 2023
Arnold Schwarzenegger,14,12,1151599,July 2023
Titanic,36,19,1150881,July 2023
2023 Men's FIH Hockey World Cup,442,98,1150636,January 2023
M1 Abrams,96,53,1147185,January 2023
Talk to Me (2022 film),153,79,1146149,August 2023
Justin Bieber,34,17,1145323,March 2023
XXX,0,0,1145106,July 2023
Mount Takahe,5,5,1143519,July 2023
Wikipedia,49,24,1142251,May 2023
Jude Bellingham,84,35,1141778,October 2023
2023 Wimbledon Championships – Men's singles,999,182,1140769,July 2023
Adah Sharma,99,40,1138492,May 2023
Donald Trump,235,55,1138018,June 2023
Taylor Swift,75,34,1137153,March 2023
Wikipedia,31,22,1136940,March 2023
Oppenheimer (film),63,32,1136054,June 2023
Harry Kane,209,62,1134916,August 2023
The Mandalorian (season 3),233,84,1134412,April 2023
UEFA Champions League,24,13,1133750,May 2023
Sarah Shahi,9,7,1133739,March 2023
Timothée Chalamet,3,3,1133524,September 2023
Gal Gadot,69,56,1133426,August 2023
John Stonehouse,78,38,1133226,January 2023
The Last Voyage of the Demeter,191,86,1132650,August 2023
Omegle,3,3,1130351,March 2023
Pelé,191,58,1129936,January 2023
Facebook,?,?,1128268,January 2023
Elemental (2023 film),169,40,1126861,August 2023
Joe Biden,44,29,1126850,April 2023
Ja Morant,47,21,1126560,March 2023
2023 Covenant School shooting,0,0,1125430,March 2023
Elliot Page,25,15,1124912,June 2023
UFC 294,152,46,1124041,October 2023
Mary Lou Retton,44,31,1123150,October 2023
Yasser Arafat,14,10,1120025,October 2023
OpenAI,138,67,1119836,February 2023
The Legend of Zelda: Tears of the Kingdom,265,81,1119775,May 2023
XNXX,5,2,1119452,October 2023
Maria Shriver,9,4,1119329,June 2023
2023 Ohio train derailment,834,329,1119286,February 2023
Kareem Abdul-Jabbar,44,18,1118863,February 2023
Tár,?,?,1117754,January 2023
You (season 4),99,28,1117448,February 2023
Shedeur Sanders,87,44,1117027,September 2023
J. Robert Oppenheimer,25,12,1116835,May 2023
Insidious: The Red Door,291,105,1116160,July 2023
Waco siege,85,45,1115523,March 2023
Miss Universe 2022,?,?,1114385,January 2023
Jennifer Lawrence,40,9,1113807,June 2023
Ryan Reynolds,18,15,1113552,April 2023
Asian Games,79,43,1113364,October 2023
Tom Cruise,?,?,1113056,January 2023
Jake Paul,47,28,1112217,August 2023
The Wheel of Time (TV series),140,52,1112087,September 2023
Jimmy Savile,88,37,1112086,October 2023
Jake Paul,38,19,1111009,February 2023
Jessica Watson,42,20,1109822,February 2023
Sudan,146,91,1109558,April 2023
Michael Jordan,13,6,1109315,February 2023
2010 Northumbria Police manhunt,47,28,1107676,April 2023
Raghav Chadha,72,48,1107026,May 2023
Michael Oher,40,26,1106707,August 2023
Steven Spielberg,?,?,1106415,January 2023
List of Super Bowl champions,?,?,1104991,January 2023
All Quiet on the Western Front (2022 film),115,68,1102773,March 2023
Michelle Yeoh,?,?,1101718,January 2023
Harrison Ford,14,12,1101667,June 2023
J. Robert Oppenheimer,36,22,1101282,September 2023
Jock Zonfrillo,174,81,1100416,May 2023
80th Golden Globe Awards,?,?,1099689,January 2023
Waltair Veerayya,?,?,1099623,January 2023
US Open (tennis),45,20,1098567,September 2023
XXXTentacion,7,5,1098399,April 2023
Money in the Bank (2023),150,37,1098360,July 2023
Wagner Group rebellion,2232,334,1098084,June 2023
Elemental (2023 film),159,40,1098025,September 2023
J. Robert Oppenheimer,13,8,1097571,June 2023
2023 Polish parliamentary election,614,204,1096731,October 2023
Gaza–Israel conflict,60,36,1095567,October 2023
Pedro Pascal,12,10,1094841,April 2023
Google,?,?,1094032,January 2023
Emily Rudd,21,18,1092136,September 2023
Barbara Walters,?,?,1091807,January 2023
.xxx,0,0,1091803,June 2023
Gran Turismo (film),326,118,1090718,August 2023
Only Murders in the Building,285,56,1090262,August 2023
Parkour,2,2,1089540,September 2023
Erling Haaland,59,30,1089220,March 2023
Kamala Sohonie,30,23,1088882,June 2023
Erling Haaland,81,34,1087561,April 2023
List of highest-grossing Indian films,?,?,1087064,January 2023
Michael Jordan,27,16,1086155,June 2023
Cinco de Mayo,70,46,1086134,May 2023
Donald Trump,159,67,1084548,March 2023
Spider-Man: Across the Spider-Verse,267,138,1084235,August 2023
Inter Miami CF,127,79,1082196,June 2023
Lauren Boebert,78,33,1080369,September 2023
Andy Murray,47,39,1079377,July 2023
Virat Kohli,44,21,1079149,May 2023
Emily Blunt,39,16,1078648,July 2023
Lunar New Year,?,?,1077970,January 2023
95th Academy Awards,?,?,1077768,January 2023
UEFA Champions League,25,10,1077114,September 2023
No Hard Feelings (2023 film),107,39,1075234,July 2023
Titanic (1997 film),27,18,1073849,June 2023
Tom Brady,?,?,1073577,January 2023
Chinese New Year,?,?,1072477,January 2023
Dungeons & Dragons: Honor Among Thieves,159,59,1072324,May 2023
Hailey Bieber,2,2,1071023,March 2023
XXXX,0,0,1070676,February 2023
You (TV series),54,23,1070663,February 2023
Tom Ackerley,22,17,1070563,July 2023
2023 Indian Premier League,484,108,1070370,March 2023
List of American films of 2023,308,61,1070327,March 2023
Arnold Schwarzenegger,40,18,1069747,May 2023
Jenna Ortega,69,42,1066496,February 2023
Shadow and Bone (TV series),59,29,1064002,March 2023
List of American films of 2023,231,65,1063369,September 2023
Omegle,2,2,1062594,April 2023
Henry Cavill,7,6,1062250,July 2023
Millie Bobby Brown,35,24,1061358,April 2023
All In (2023),821,220,1058246,August 2023
MS Dhoni,41,24,1057940,May 2023
XXX: Return of Xander Cage,0,0,1056034,July 2023
Manchester United F.C.,39,22,1054833,February 2023
2023 Ballon d'Or,232,108,1053217,October 2023
Atomic bombings of Hiroshima and Nagasaki,35,21,1050507,August 2023
Caitlin Clark,103,45,1050483,April 2023
Money in the Bank (2023),484,85,1050158,June 2023
Sex,10,5,1049247,March 2023
Chennai Super Kings,81,34,1048770,May 2023
The Creator (2023 film),227,78,1047700,September 2023
Tom Cruise,17,9,1047280,March 2023
Dick Butkus,173,83,1046959,October 2023
XXXTentacion,4,4,1045919,September 2023
XNXX,8,6,1044627,September 2023
Edward VIII,42,24,1043849,May 2023
Sisu (film),122,44,1041737,May 2023
Palestine (region),16,10,1041534,October 2023
R Praggnanandhaa,86,44,1041150,August 2023
Avatar: The Way of Water,86,18,1039055,April 2023
Russian invasion of Ukraine,176,49,1037931,May 2023
Jamie Foxx,32,20,1037258,May 2023
The Bear (TV series),36,21,1037054,August 2023
Guardians of the Galaxy (film),58,30,1035772,May 2023
Elon Musk,47,16,1034511,February 2023
Michael J. Fox,45,29,1033710,May 2023
Jalen Hurts,?,?,1032655,January 2023
Rebecca Ferguson,30,17,1032370,July 2023
Google,3,3,1032260,April 2023
YouTube Music,3,3,1030906,March 2023
Microsoft 365,11,10,1030835,March 2023
WhatsApp,?,?,1029426,May 2023
"Prince Harry, Duke of Sussex",?,?,1028849,January 2023
Andy Reid,118,56,1028753,February 2023
Eid al-Adha,80,46,1028016,June 2023
Ted Lasso,183,60,1027513,March 2023
Edward VII,?,?,1027456,May 2023
Father's Day,41,34,1026852,June 2023
Celine Dion,?,?,1024864,May 2023
Fair Play (2023 film),77,28,1023764,October 2023
Edward Teller,37,17,1023016,July 2023
Wagner Group,139,54,1022911,August 2023
The Banshees of Inisherin,?,?,1022543,March 2023
Michael B. Jordan,?,?,1021543,March 2023
Ahsoka (TV series),?,?,1021352,October 2023
UFC 291,148,42,1020909,July 2023
Alia Bhatt,12,8,1020648,June 2023
Ottoman Empire,?,?,1020229,October 2023
The Flash (film),93,47,1019723,August 2023
Utkarsh Sharma,22,15,1019487,August 2023
2023 World Snooker Championship,1446,134,1018989,April 2023
Email,?,?,1018913,March 2023
Citadel (TV series),?,?,1018589,May 2023
Joe Biden,57,29,1018429,June 2023
Christopher Eubanks,137,56,1018101,July 2023
Scream (franchise),?,?,1017341,March 2023
Chess World Cup 2023,685,125,1017269,August 2023
Neal Mohan,?,?,1016773,March 2023
Jim Brown,?,?,1015577,May 2023
"Diana, Princess of Wales",?,?,1014989,May 2023
Lisa Marie Presley,?,?,1014902,March 2023
UEFA Champions League,21,18,1014789,June 2023
Wout Weghorst,?,?,1014376,January 2023
Michael G. Rubin,1,1,1014049,July 2023
Ant-Man and the Wasp: Quantumania,?,?,1012330,May 2023
WhatsApp,?,?,1011872,July 2023
Elvis Presley,22,16,1011782,February 2023
Gayniggers from Outer Space,?,?,1011579,October 2023
Never Have I Ever (TV series),211,83,1011384,June 2023
Pakistan national cricket team,?,?,1011147,October 2023
List of highest-grossing Indian films,170,20,1010826,August 2023
The Whale (2022 film),166,95,1010513,February 2023
Christopher Nolan,21,14,1009918,August 2023
Penny Mordaunt,?,?,1006784,May 2023
Kylian Mbappé,?,?,1006347,July 2023
Nicholas Galitzine,?,?,1006123,August 2023
P. K. Rosy,140,56,1005943,February 2023
Albert Einstein,?,?,1005862,August 2023
You (TV series),?,?,1005628,March 2023
Trinity (nuclear test),?,?,1005453,July 2023
Asteroid City,219,101,1005308,June 2023
1948 Arab–Israeli War,?,?,1003525,October 2023
XXX: State of the Union,4,2,1003227,February 2023
YouTube Premium,?,?,1000765,March 2023
Kushi (2023 film),218,84,1000017,September 2023
Israel Defense Forces,?,?,999591,October 2023
The Super Mario Bros. Movie,?,?,999484,July 2023
"Red, White & Royal Blue (film)",?,?,999038,August 2023
Lionel Messi,56,26,997659,April 2023
Alessia Zecchini,?,?,997272,July 2023
Sean O'Malley (fighter),?,?,995879,August 2023
YouTube Kids,?,?,995375,March 2023
Wendy Starland,?,?,993886,July 2023
Top Gun: Maverick,?,?,993531,January 2023
Pathaan (film),43,14,992916,September 2023
Sofia Richie,32,19,992648,April 2023
Jeffrey Dahmer,?,?,992507,January 2023
Yellowjackets (TV series),119,43,992463,April 2023
Sean Strickland,67,27,992059,September 2023
List of highest-grossing films,?,?,992024,August 2023
Wikipedia,35,18,991599,April 2023
Internet,?,?,991474,January 2023
Google,16,10,990348,September 2023
Brianne Howey,?,?,989981,January 2023
Roger Federer,?,?,989263,July 2023
Baldur's Gate 3,?,?,988491,August 2023
Alice in Borderland (TV series),?,?,988457,January 2023
WhatsApp,?,?,988392,January 2023
Silvio Berlusconi,351,98,987454,June 2023
Interstellar (film),?,?,987415,July 2023
Transformers (film series),?,?,986450,July 2023
Victor Wembanyama,?,?,985000,May 2023
Beyoncé,56,39,984311,February 2023
Chandrayaan-3,189,76,983797,September 2023
Matt Rife,?,?,983638,June 2023
Stephen Curry,?,?,982795,May 2023
Killers of the Flower Moon,?,?,982131,October 2023
Speaker of the United States House of Representatives,?,?,981723,October 2023
Smash Mouth,90,67,981509,September 2023
Asian Games,53,32,981294,September 2023
Super Bowl LVII,?,?,980927,January 2023
Sylvester Stallone,?,?,980240,May 2023
The Night Agent,?,?,979890,March 2023
Rugby World Cup,?,?,979509,October 2023
Shazam! Fury of the Gods,137,56,978846,April 2023
2023 in film,?,?,978775,June 2023
Joe Biden,?,?,978518,October 2023
SummerSlam (2023),?,?,978477,July 2023
Michael Lockwood (guitarist),?,?,978410,January 2023
Barry Humphries,346,116,978300,April 2023
The Banshees of Inisherin,126,67,977539,February 2023
Backlash (2023),?,?,977250,May 2023
Everything Everywhere All at Once,181,76,976716,February 2023
OpenAI,?,?,976440,March 2023
French Open,?,?,975998,June 2023
Sex Education (TV series),?,?,975983,October 2023
.xxx,?,?,975657,July 2023
Lebanon,?,?,975108,October 2023
Killers of the Flower Moon (film),?,?,974725,May 2023
Video hosting service,?,?,972880,March 2023
Talk to Me (2022 film),82,39,970217,September 2023
Abdul Karim Telgi,44,35,969397,September 2023
Kibbutz,?,?,967473,October 2023
Gadar: Ek Prem Katha,?,?,966327,August 2023
WhatsApp,?,?,965632,March 2023
Jeremy Allen White,?,?,965207,July 2023
Conor McGregor,?,?,965145,May 2023
You (season 4),?,?,964992,March 2023
World War II,?,?,964693,July 2023
Shehzada (2023 film),171,67,964621,February 2023
Jason Kelce,?,?,964391,October 2023
Flipkart,14,9,964082,September 2023
The Ashes,?,?,962273,July 2023
Katherine Oppenheimer,?,?,962132,August 2023
Aaron Rodgers,43,22,961926,September 2023
The White Lotus,48,32,961419,February 2023
Brink's-Mat robbery,56,30,960936,February 2023
Kepler's Supernova,?,?,959926,May 2023
The Fabelmans,?,?,959579,January 2023
Google,16,11,959333,February 2023
Brian Harman,?,?,958548,July 2023
2023 Lewiston shootings,?,?,957632,October 2023
Terence Crawford,?,?,956909,July 2023
Jeremy Renner,9,8,956212,April 2023
Bigg Boss (Hindi season 16),288,64,956047,February 2023
Oppenheimer (film),?,?,955723,May 2023
Commotio cordis,?,?,955587,January 2023
2023 Australian Open – Men's singles,?,?,954858,January 2023
Matt Gaetz,?,?,954112,October 2023
Air (2023 film),260,89,952820,April 2023
Aaron Taylor-Johnson,?,?,952694,January 2023
"Joaquín ""El Chapo"" Guzmán",?,?,952343,January 2023
1923 (TV series),?,?,951709,January 2023
Leonardo DiCaprio,22,8,950960,February 2023
Alba Baptista,?,?,950579,September 2023
2023 in film,?,?,949874,July 2023
Jimmy Carter,?,?,949599,March 2023
Charles III,?,?,949543,January 2023
Bob Menendez,?,?,949463,September 2023
Fatah,?,?,948047,October 2023
Eid al-Fitr,32,20,947047,April 2023
2023 Turkish general election,?,?,946881,May 2023
History of the Israeli–Palestinian conflict,?,?,946606,October 2023
James Cameron,?,?,946582,January 2023
Spider-Man 2 (2023 video game),?,?,945932,October 2023
Only Murders in the Building,?,?,944626,September 2023
Halle Bailey,?,?,944558,May 2023
Jack Ryan (TV series),?,?,944181,July 2023
Extraction (2020 film),?,?,943953,June 2023
List of Rugby World Cup finals,?,?,943470,October 2023
Windows Server 2016,?,?,942531,March 2023
Joe Biden,?,?,941186,July 2023
List of Indian films of 2023,?,?,940521,September 2023
Oshi no Ko,126,50,940109,April 2023
Insidious (film series),?,?,939976,July 2023
Andrew Tate,?,?,939554,July 2023
Manchester United F.C.,?,?,938986,August 2023
Google Translate,?,?,938725,March 2023
Romeo Beckham,?,?,938629,October 2023
Suits index,0,0,938436,April 2023
Anya Taylor-Joy,29,14,937639,April 2023
Israel Adesanya,66,26,937585,April 2023
Val Kilmer,?,?,937581,January 2023
UEFA Champions League,?,?,937150,March 2023
Joe Jonas,?,?,936646,September 2023
Ghosted (2023 film),?,?,936090,May 2023
John Wick: Chapter 4,?,?,936010,June 2023
John Wick: Chapter 3 – Parabellum,?,?,935416,March 2023
Ed Sheeran,?,?,935171,May 2023
Independence Day (United States),?,?,934986,July 2023
The Last of Us (TV series),36,15,934322,April 2023
Google,?,?,933977,July 2023
Steven Yeun,41,28,933877,April 2023
Deepsea Challenger,?,?,933811,June 2023
Academy Awards,?,?,933611,March 2023
Bodies (2023 TV series),?,?,933580,October 2023
Internet,3,3,933130,February 2023
Windows Server 2019,?,?,933091,March 2023
2021–2023 ICC World Test Championship,?,?,932503,June 2023
Bholaa,267,73,930594,April 2023
Internet,10,9,930460,April 2023
The Pope's Exorcist,254,78,930282,April 2023
XXX,?,?,930144,May 2023
The Glory (TV series),?,?,929946,January 2023
My Fault (film),?,?,929788,June 2023
Aadhaar,?,?,929672,July 2023
Noah Baumbach,?,?,929671,July 2023
Nicolas Cage,?,?,929489,January 2023
65th Annual Grammy Awards,395,108,928848,February 2023
Alia Bhatt,?,?,928450,May 2023
Luther: The Fallen Sun,?,?,928385,March 2023
Jailer (2023 Tamil film),?,?,928321,August 2023
65 (film),?,?,928026,March 2023
Asteroid City,?,?,927456,July 2023
Lewis Capaldi,?,?,926967,June 2023
Microsoft Exchange Server,?,?,926269,March 2023
Manchester United F.C.,?,?,925806,January 2023
Julian Sands,?,?,924968,January 2023
Veera Simha Reddy,?,?,924846,January 2023
Email client,?,?,924338,March 2023
Internet Explorer 11,?,?,922687,March 2023
R'Bonney Gabriel,?,?,920770,January 2023
1923 (TV series),182,49,920440,February 2023
Client access license,?,?,920423,March 2023
Jawan (film),?,?,920190,August 2023
Succession (TV series),?,?,919867,March 2023
Microsoft Office Mix,?,?,919361,March 2023
The Menu (2022 film),79,47,917626,February 2023
List of Microsoft 365 Applications,?,?,917486,March 2023
List of Marvel Cinematic Universe films,?,?,915323,May 2023
Marie Antoinette,?,?,912698,January 2023
Ghosted (2023 film),112,57,911807,April 2023
Maryland,?,?,911228,May 2023
Bigg Boss (Tamil season 6),?,?,911209,January 2023
Sex,?,?,910948,January 2023
Michael Jordan,27,13,910455,April 2023
Martin Scorsese,?,?,910374,October 2023
Varisu,154,43,909739,February 2023
Chadwick Boseman,?,?,909230,February 2023
Joe Biden,?,?,908562,September 2023
Madonna,?,?,908490,February 2023
Teenage Mutant Ninja Turtles: Mutant Mayhem,?,?,908436,August 2023
Mission: Impossible – Dead Reckoning Part One,?,?,907934,October 2023
XXX,?,?,907824,August 2023
Gianluca Vialli,?,?,906289,January 2023
Cocaine Bear (bear),?,?,905939,February 2023
Spice Girls,?,?,905872,October 2023
Mariana Trench,?,?,905665,June 2023
Holi,?,?,905083,March 2023
United Kingdom,?,?,904788,May 2023
The Last Voyage of the Demeter,?,?,904247,September 2023
Fastlane (2023),?,?,904014,October 2023
Ballon d'Or,?,?,903644,October 2023
Brownie (folklore),?,?,903628,June 2023
Rohit Sharma,?,?,903468,October 2023
Aadhaar,?,?,903463,June 2023
Nicola Peltz,?,?,903116,October 2023
Tár,?,?,903036,March 2023
Pep Guardiola,?,?,902555,June 2023
WhatsApp,?,?,902012,June 2023
Beau Is Afraid,238,107,902003,April 2023
Google,?,?,901722,August 2023
List of One Piece characters,?,?,900635,September 2023
Margot Robbie,?,?,900362,January 2023
Keri Russell,?,?,900232,May 2023
The Meg,?,?,900030,August 2023
Natasha Lyonne,?,?,898788,February 2023
Gadsden flag,?,?,898099,August 2023
Taylor Zakhar Perez,?,?,896421,August 2023
Al Hilal SFC,?,?,894855,August 2023
Leonardo DiCaprio,?,?,894297,July 2023
Colin Farrell,?,?,893974,January 2023
Al Jazeera,?,?,893714,October 2023
Microsoft 365,?,?,893598,February 2023
Donald Trump,?,?,892843,September 2023
Happy Valley (TV series),?,?,892547,January 2023
Ashley Johnson (actress),?,?,892387,March 2023
List of Hindi films of 2023,?,?,891282,September 2023
Travis Kelce,?,?,891203,January 2023
The Summer I Turned Pretty (TV series),?,?,891135,August 2023
Robert Blake (actor),?,?,890907,March 2023
2023 World Men's Handball Championship,?,?,890698,January 2023
Speaker of the United States House of Representatives,?,?,890465,January 2023
Trevor Lawrence,?,?,890409,January 2023
Raindrop cake,?,?,890375,September 2023
Francis Ngannou,?,?,889736,October 2023
India Amarteifio,?,?,889360,May 2023
Dancing with the Stars (American season 32),?,?,888153,October 2023
B. R. Ambedkar,25,12,887877,April 2023
The Eras Tour,?,?,886890,July 2023
Adolf Hitler,?,?,886370,October 2023
Harrison Ford,?,?,885800,February 2023
Ariana Grande,?,?,885440,July 2023
Mykhailo Mudryk,?,?,885293,January 2023
Big Brother 25 (American season),?,?,885280,October 2023
Virat Kohli,?,?,884959,September 2023
2023 Formula One World Championship,?,?,884735,July 2023
2023 in film,?,?,884660,May 2023
Guardians of the Galaxy Vol. 3,209,97,883724,April 2023
Elizabeth II,?,?,882824,March 2023
Twitter,?,?,882763,October 2023
Coronation of Charles III and Camilla,?,?,882583,May 2023
UFC 286,?,?,882561,March 2023
Daniels (directors),?,?,881559,March 2023
Sunny Deol,?,?,881456,August 2023
Sinking of the Titanic,?,?,881434,June 2023
"XO, Kitty",?,?,881399,May 2023
The Exorcist,?,?,881141,October 2023
Algebraic notation (chess),?,?,880946,August 2023
Manchester United F.C.,?,?,880892,September 2023
Donald Trump,?,?,880576,October 2023
Hakeem Jeffries,?,?,880233,January 2023
Omegle,?,?,880082,February 2023
Brooks Koepka,31,23,879832,April 2023
Shah Rukh Khan,?,?,879104,January 2023
Sylvester Stallone,?,?,878704,January 2023
Charles Bronson (prisoner),?,?,878549,March 2023
Iran,?,?,878487,October 2023
From (TV series),?,?,878264,June 2023
The Eras Tour,?,?,878233,August 2023
Luton Town F.C.,?,?,878013,May 2023
Email,?,?,877670,February 2023
Eva Mendes,?,?,877451,July 2023
Jada Pinkett Smith,?,?,877366,October 2023
Johnny Depp,?,?,877220,August 2023
Adipurush,?,?,876764,July 2023
Trial of Alex Murdaugh,?,?,876749,March 2023
Erling Haaland,?,?,876532,June 2023
Jean Todt,?,?,876530,March 2023
Joe Biden,?,?,876309,August 2023
Niall Horan,?,?,875937,March 2023
Keanu Reeves,?,?,875920,May 2023
Titanic (1997 film),?,?,875804,July 2023
List of American films of 2023,?,?,875304,May 2023
Katy Perry,?,?,874987,May 2023
Marianne Bachmeier,?,?,874501,January 2023
Mission: Impossible – Fallout,?,?,874184,July 2023
Tom Cruise,?,?,874008,August 2023
Jennifer Lopez,?,?,873994,May 2023
Ray Stevenson,?,?,873699,September 2023
United Kingdom,?,?,873610,March 2023
2023 Australian Open,?,?,873555,January 2023
Dwayne Johnson,?,?,873409,February 2023
United Kingdom,?,?,872333,January 2023
Whitney Houston,?,?,872230,May 2023
List of American films of 2023,?,?,871995,January 2023
Brendan Fraser,?,?,871681,February 2023
Mannara Chopra,?,?,871654,October 2023
Bruce Willis,?,?,871512,October 2023
Robbie Robertson,?,?,871499,August 2023
Disappearance of Madeleine McCann,?,?,871343,February 2023
Jake Paul vs Tommy Fury,?,?,870849,February 2023
XXX: State of the Union,?,?,870702,March 2023
List of Marvel Cinematic Universe films,?,?,869603,February 2023
Rafael Nadal,?,?,869334,July 2023
Miley Cyrus,?,?,869284,March 2023
Humza Yousaf,?,?,868762,March 2023
Anya Chalotra,?,?,868629,July 2023
Frank Oppenheimer,?,?,868406,July 2023
The Burial (film),?,?,868241,October 2023
Jean Tatlock,?,?,867978,August 2023
Al Nassr FC,?,?,867900,September 2023
Maitreyi Ramakrishnan,?,?,867474,June 2023
The Nun (2018 film),?,?,866641,September 2023
Elizabeth II,25,12,865518,April 2023
Anheuser-Busch brands,69,40,864648,April 2023
S. Somanath,?,?,864325,August 2023
Jason Aldean,?,?,864251,July 2023
Haunted Mansion (2023 film),?,?,864021,October 2023
Eva Mendes,?,?,863705,August 2023
WhatsApp,?,?,863217,August 2023
Google,?,?,862097,June 2023
Spider-Man: Across the Spider-Verse,?,?,860931,May 2023
Arnold Schwarzenegger,?,?,859543,October 2023
Pakistan national cricket team,?,?,859399,September 2023
Alia Bhatt,?,?,858818,March 2023
Rajinikanth,?,?,858404,August 2023
Atomic Heart (video game),?,?,857460,February 2023
Tupac Shakur,?,?,856937,October 2023
Britney Spears,?,?,856094,October 2023
Lily Gladstone,?,?,856029,October 2023
Whitney Houston,?,?,855197,January 2023
Rebecca Loos,?,?,854589,October 2023
Tina Turner,?,?,854205,June 2023
Memorial Day,?,?,853904,May 2023
The Boogeyman (2023 film),?,?,853719,June 2023
UFC 285,?,?,853683,March 2023
UFC 292,?,?,853454,August 2023
Robert Downey Jr.,?,?,853400,July 2023
Friends,?,?,852389,October 2023
Balfour Declaration,?,?,852194,October 2023
Selena Gomez,?,?,851145,August 2023
Tom Cruise,?,?,850847,February 2023
LeBron James,37,20,850834,April 2023
The Summer I Turned Pretty (TV series),?,?,850769,July 2023
Niger,?,?,850352,August 2023
Goosebumps (2023 TV series),?,?,850063,October 2023
Maryland,?,?,849576,June 2023
Chris Hemsworth,?,?,849365,June 2023
Fall (2022 film),?,?,849337,March 2023
Dwayne Johnson,?,?,849106,May 2023
Ryan Reynolds,?,?,848574,January 2023
Babylon (2022 film),?,?,848176,February 2023
Dolly Parton,?,?,847696,January 2023
Russian invasion of Ukraine,?,?,847299,July 2023
Manchester United F.C.,?,?,847254,July 2023
Ana de Armas,?,?,847236,May 2023
Duane Davis (gangster),?,?,847145,September 2023
Wyndham Clark,?,?,847085,June 2023
Adam Sandler,?,?,846840,August 2023
"Prince Harry, Duke of Sussex",?,?,846703,May 2023
Bigg Boss (Hindi season 16),?,?,845949,January 2023
Donald Trump,?,?,845637,May 2023
Josh Freese,?,?,845387,May 2023
Napoleon,?,?,844450,October 2023
Dave Bautista,?,?,843848,January 2023
Elizabeth Holmes,?,?,843592,May 2023
Colleen Ballinger,?,?,843558,July 2023
OpenAI,123,81,842366,April 2023
Karim Benzema,?,?,841243,June 2023
Al Pacino,?,?,841195,June 2023
Gmail,?,?,840783,June 2023
Iñaki Godoy,?,?,840723,September 2023
Diablo IV,?,?,840409,June 2023
George Foreman,?,?,840358,August 2023
Phillip Schofield,?,?,840131,May 2023
Rachel Zegler,?,?,839956,August 2023
Joe Biden,?,?,839411,February 2023
Big Brother 25 (American season),?,?,839052,September 2023
Ruth Madoff,?,?,838384,January 2023
ICC World Test Championship,?,?,838245,June 2023
Harrison Ford,?,?,838065,March 2023
The Diplomat (American TV series),?,?,835998,April 2023
Ant-Man (film),?,?,835639,February 2023
Puss in Boots: The Last Wish,?,?,835580,February 2023
Osage Indian murders,?,?,835402,October 2023
Yellowjackets (TV series),?,?,835396,May 2023
The Bear (TV series),?,?,835078,June 2023
Fast & Furious,?,?,834462,June 2023
Chelsea F.C.,?,?,834124,January 2023
Aryna Sabalenka,?,?,833630,January 2023
2023 NBA draft,?,?,833205,June 2023
Harrison Ford,?,?,832734,January 2023
World War I,?,?,832702,March 2023
Utopia (Travis Scott album),?,?,831183,July 2023
Jennifer Lawrence,?,?,830859,October 2023
WhatsApp,?,?,830569,September 2023
Steven Spielberg,?,?,829410,March 2023
Taylor Swift,?,?,829125,February 2023
Lux Pascal,?,?,829094,February 2023
Reality Winner,?,?,828791,June 2023
OpenAI,?,?,828592,May 2023
Nick Cannon,?,?,827434,May 2023
Canada,?,?,827269,September 2023
Vin Diesel,?,?,827017,May 2023
World War II,?,?,826372,October 2023
Alan Arkin,?,?,824681,July 2023
Jennifer Lopez,?,?,824609,February 2023
Flipkart,?,?,824568,August 2023
Moisés Caicedo,?,?,824360,August 2023
Purdue Pharma,?,?,824199,August 2023
Sylvester Stallone,?,?,824048,June 2023
Ant-Man and the Wasp: Quantumania,?,?,823513,April 2023
İlkay Gündoğan,?,?,823418,June 2023
FC Barcelona,?,?,823395,August 2023
Suits index,?,?,823328,March 2023
Rolf Harris,?,?,823260,May 2023
Morgan Davies,?,?,822554,September 2023
Hypnotic (2023 film),?,?,822355,June 2023
Killers of the Flower Moon (film),?,?,822185,September 2023
Ganapath,?,?,821984,October 2023
Arsenal F.C.,?,?,821420,January 2023
Mission Majnu,?,?,821375,January 2023
Matt Damon,?,?,820990,July 2023
Pep Guardiola,?,?,820888,May 2023
Kepler's Supernova,?,?,820392,June 2023
LeBron James,?,?,820260,June 2023
Russian invasion of Ukraine,?,?,819802,August 2023
Adolf Hitler,?,?,819654,January 2023
Eddie Murphy,?,?,818615,January 2023
Jonathan Majors,?,?,818503,February 2023
Adolf Hitler,?,?,818472,April 2023
Golshifteh Farahani,?,?,817807,June 2023
The Super Mario Bros. Movie,?,?,817618,August 2023
Tony Curtis,?,?,817395,March 2023
Mama Cax,?,?,816248,February 2023
Tom Hanks,?,?,815654,May 2023
Final Fantasy XVI,?,?,815512,June 2023
Windows Server 2016,?,?,815277,February 2023
Gerard Piqué,?,?,814140,January 2023
Manchester United F.C.,?,?,813919,October 2023
Charles III,?,?,813104,April 2023
Windows Server 2019,?,?,812866,February 2023
Elena Rybakina,?,?,812306,January 2023
Manifest (TV series),?,?,812212,June 2023
Priyanka Chopra,?,?,812180,April 2023
Mahatma Gandhi,?,?,811956,October 2023
NATO,?,?,811836,April 2023
The Eras Tour,?,?,811742,May 2023
John Wick (film),?,?,811476,April 2023
Russian invasion of Ukraine,?,?,810431,October 2023
2022 FIFA World Cup,?,?,809771,January 2023
Brownie (folklore),?,?,809693,May 2023
Paul Walker,?,?,808984,May 2023
2023–24 UEFA Champions League,?,?,808874,June 2023
WhatsApp,?,?,808744,February 2023
The Eras Tour,?,?,808682,June 2023
2023 China balloon incident,?,?,808421,February 2023
Selena Gomez,?,?,808241,September 2023
Banzhaf power index,?,?,808165,April 2023
White Noise (2022 film),?,?,807719,January 2023
Leslie Groves,?,?,807589,July 2023
Sex,?,?,807562,February 2023
Chris Evans (actor),?,?,807561,September 2023
World War II,?,?,807211,March 2023
Vivek Ramaswamy,?,?,806968,July 2023
Guy Ritchie's The Covenant,?,?,806709,June 2023
Jawan (film),?,?,806425,July 2023
Leslie Van Houten,?,?,806418,July 2023
Amanda Bynes,?,?,806406,March 2023
Rasmus Højlund,?,?,805872,July 2023
Retribution (2023 film),?,?,805794,September 2023
The Little Mermaid (2023 film),?,?,805514,August 2023
Mount Takahe,?,?,805478,August 2023
Internet Explorer 11,?,?,805247,February 2023
Microsoft Exchange Server,?,?,805125,February 2023
Sam Claflin,?,?,805071,March 2023
Email client,?,?,804998,February 2023
Jann Mardenborough,?,?,804648,August 2023
Greta Thunberg,?,?,804571,January 2023
Silo (TV series),?,?,804402,July 2023
World War II,?,?,804053,May 2023
Indiana Jones,?,?,803906,June 2023
UFC 284,?,?,803901,February 2023
Manchester City F.C.,?,?,803865,August 2023
Chandramukhi 2,?,?,803579,October 2023
Paul Cattermole,?,?,803515,April 2023
List of World Series champions,?,?,802644,October 2023
World War I,?,?,802352,January 2023
Shou Zi Chew,?,?,802318,March 2023
Mortal Kombat 1,?,?,802099,September 2023
Client access license,?,?,801098,February 2023
Mike Tyson,?,?,800724,August 2023
Tupac Shakur,?,?,799959,September 2023
Rishi Sunak,?,?,799913,September 2023
Morocco,?,?,799788,September 2023
QAnon,?,?,799528,July 2023
Omegle,?,?,798670,October 2023
Re'im music festival massacre,?,?,798392,October 2023
Adam Rich,?,?,798368,January 2023
Dwayne Johnson,?,?,798311,September 2023
Talk to Me (2022 film),?,?,797276,October 2023
List of Microsoft 365 Applications,?,?,797268,February 2023
Microsoft Office Mix,?,?,797258,February 2023
Amber Heard,?,?,797199,August 2023
2023 Women's Premier League (cricket),?,?,796698,March 2023
LeBron James,?,?,796638,January 2023
Parineeti Chopra,?,?,796251,May 2023
NCAA Division I men's basketball tournament,?,?,796007,March 2023
Ved (film),?,?,795420,January 2023
UEFA Champions League,?,?,795235,April 2023
List of current BBC newsreaders and reporters,?,?,794710,July 2023
Austin Butler,?,?,794346,March 2023
Saw X,?,?,793907,September 2023
Scream (2022 film),?,?,793687,March 2023
Chelsea F.C.,?,?,793598,July 2023
Fast X,?,?,793513,February 2023
Eurovision Song Contest 2023,?,?,792983,March 2023
2023 Hawaii wildfires,?,?,792739,August 2023
Top Boy,?,?,792710,September 2023
Fukushima nuclear disaster,?,?,792494,June 2023
Maryland,?,?,792287,January 2023
Triangle of Sadness,?,?,791991,March 2023
Jennifer Lawrence,?,?,791922,March 2023
Sylvester Stallone,?,?,791792,February 2023
Florence Pugh,?,?,791773,August 2023
Michael Jordan,?,?,791693,March 2023
Tom Cruise,?,?,791423,May 2023
The Little Mermaid (2023 film),?,?,791402,September 2023
Kyrie Irving,?,?,791357,February 2023
World War II,?,?,791253,August 2023
Carol Burnett,?,?,790414,April 2023
List of Wimbledon gentlemen's singles champions,?,?,790245,July 2023
Happy Valley (TV series),?,?,790048,February 2023
A Man Called Otto,?,?,790011,January 2023
UEFA Euro 2024 qualifying,?,?,789519,March 2023
Elizabeth II,?,?,789133,September 2023
Adolf Hitler,?,?,789032,July 2023
David Choe,?,?,788666,April 2023
Jacinda Ardern,?,?,788352,January 2023
Michael Jackson,?,?,787862,March 2023
Ryan Reynolds,?,?,787621,March 2023
Joe Biden,?,?,787568,May 2023
United Kingdom,?,?,787506,July 2023
Robert F. Kennedy,?,?,787038,June 2023
Murray Bartlett,?,?,786816,January 2023
Mahmoud Abbas,?,?,786589,October 2023
XXX,?,?,786046,April 2023
Barbie (film),?,?,785739,April 2023
Google Translate,?,?,785102,January 2023
Jennifer Hermoso,?,?,785064,August 2023
XXX (2002 film),?,?,785024,April 2023
George III,?,?,784861,June 2023
Nimona (film),?,?,784486,July 2023
Leonardo DiCaprio,?,?,784317,October 2023
Payback (2023),?,?,784307,September 2023
Ray Stevenson,?,?,784222,August 2023
Salma Hayek,?,?,783385,February 2023
Jennifer Aniston,?,?,783295,October 2023
United Kingdom,?,?,783065,August 2023
Yellowjackets (TV series),?,?,782722,March 2023
Jared Fogle,?,?,782627,March 2023
Moving (South Korean TV series),?,?,781448,August 2023
Google Translate,?,?,780644,February 2023
Gabriel Basso,?,?,780412,April 2023
World War II,?,?,780385,January 2023
Spider-Man 2099,?,?,780255,June 2023
Dwayne Johnson,?,?,779830,March 2023
Harrison Ford,?,?,779683,May 2023
Elizabeth II,?,?,779269,February 2023
Tom Cruise,?,?,779262,June 2023
Gabriel Macht,?,?,778978,July 2023
Rupert Murdoch,?,?,778805,April 2023
Tammy Wynette,?,?,778584,January 2023
List of highest-grossing Indian films,?,?,778360,March 2023
Von Erich family,?,?,778195,October 2023
Taylor Swift,?,?,777771,January 2023
YouTube Music,?,?,777024,May 2023
From (TV series),?,?,776839,May 2023
Barbie,?,?,776834,August 2023
The Witcher (TV series),?,?,776644,August 2023
Love & Death (miniseries),?,?,776214,May 2023
Jude Bellingham,?,?,776060,June 2023
United Kingdom,?,?,775739,October 2023
Jennifer Lawrence,?,?,775585,July 2023
Tom Cruise,?,?,775535,April 2023
Elvis Presley,?,?,775277,August 2023
Miley Cyrus,?,?,775164,February 2023
Carlos Alcaraz,?,?,774907,June 2023
XNXX,?,?,774605,June 2023
John Mulaney,?,?,774293,April 2023
"Neatsville, Kentucky",?,?,774283,March 2023
Google,?,?,774229,October 2023
Ron DeSantis,?,?,773790,March 2023
XXX (2002 film),?,?,773410,June 2023
Satyaprem Ki Katha,?,?,773303,July 2023
"Diana, Princess of Wales",?,?,772005,January 2023
No Hard Feelings (2023 film),?,?,771799,September 2023
Antony Blinken,?,?,771183,October 2023
Eurovision Song Contest,?,?,771102,May 2023
United Kingdom,?,?,771015,April 2023
Penn Badgley,?,?,770995,February 2023
Alexandra Daddario,?,?,770588,January 2023
Kabzaa (2023 film),?,?,770198,March 2023
Keanu Reeves,?,?,769868,June 2023
Inter Miami CF,?,?,769628,October 2023
Adolf Hitler,?,?,769581,May 2023
Alia Bhatt,?,?,769543,April 2023
"Neatsville, Kentucky",?,?,769512,May 2023
World War I,?,?,769506,February 2023
Chris Pratt,?,?,769463,May 2023
Cat,?,?,769419,October 2023
Viduthalai Part 1,?,?,769407,April 2023
2022 in film,?,?,769378,January 2023
Twisted Metal (TV series),?,?,769352,August 2023
Lizzy Caplan,?,?,769127,October 2023
Adolf Hitler,?,?,769004,March 2023
Andrew Tate,?,?,768952,May 2023
Tommy Fury,?,?,768781,August 2023
Grimace Shake,?,?,768624,July 2023
Mark Margolis,?,?,768573,August 2023
2023 Cricket World Cup,?,?,768351,January 2023
2022 Asian Games medal table,?,?,768187,October 2023
Hunter Biden,?,?,768098,July 2023
Pathaan (film),?,?,766646,April 2023
Elvis Presley,?,?,766592,April 2023
Barry (TV series),?,?,766093,May 2023
Iga Świątek,?,?,765754,June 2023
Inter Miami CF,?,?,765177,September 2023
Tyson Fury,?,?,764657,February 2023
Tom Hanks,?,?,763828,January 2023
Sackler family,?,?,763164,August 2023
Brock Purdy,?,?,762710,October 2023
Vladimir Putin,?,?,762565,June 2023
Black Panther: Wakanda Forever,?,?,762077,January 2023
Sarina Wiegman,?,?,761854,August 2023
Janet Leigh,?,?,761703,March 2023
Insidious (film),?,?,761505,July 2023
List of Indian films of 2023,?,?,761499,August 2023
Succession (TV series),?,?,761339,July 2023
Yellowstone (American TV series),?,?,761333,February 2023
2022–23 Premier League,?,?,761197,May 2023
Nikki Haley,?,?,760474,August 2023
Dwayne Johnson,?,?,760359,January 2023
Tom Holland,?,?,760322,June 2023
"Meghan, Duchess of Sussex",?,?,760147,January 2023
Barbie (film),?,?,760069,October 2023
Elina Svitolina,?,?,760064,July 2023
Joe Biden,?,?,759764,March 2023
Russian invasion of Ukraine,?,?,759707,September 2023
Painkiller (TV series),?,?,759643,August 2023
Raindrop cake,?,?,759281,October 2023
Lokesh Kanagaraj,?,?,758956,October 2023
Len Goodman,?,?,758858,April 2023
Kang the Conqueror,?,?,758785,February 2023
Jordan,?,?,758738,October 2023
Cocaine Bear,?,?,758065,April 2023
Manchester City F.C.,?,?,758007,April 2023
XXXX,?,?,757961,April 2023
Michael Jordan,?,?,757911,July 2023
Justin Timberlake,?,?,757728,October 2023
Michael Jackson,?,?,757700,February 2023
Russia,?,?,757677,June 2023
Russian invasion of Ukraine,?,?,757221,April 2023
2018 (film),?,?,756795,May 2023
Zoe Saldaña,?,?,756780,January 2023
Bridgerton,?,?,756706,May 2023
They Cloned Tyrone,?,?,756551,July 2023
No One Will Save You,?,?,756536,September 2023
Tár,?,?,756159,February 2023
Paul-Henri Nargeolet,?,?,755814,June 2023
Shaquille O'Neal,?,?,755755,May 2023
United Kingdom,?,?,755380,September 2023
LeBron James,?,?,755229,July 2023
Manchester United F.C.,?,?,755172,May 2023
Patrick McHenry,?,?,754556,October 2023
Jennifer Lawrence,?,?,754126,August 2023
Rishi Sunak,?,?,753772,May 2023
Mount Takahe,?,?,753680,September 2023
Lewis Capaldi,?,?,753523,April 2023
Jeremy Allen White,?,?,753214,August 2023
Arnold Schwarzenegger,?,?,753058,August 2023
Haunted Mansion (2023 film),?,?,752961,August 2023
Wagner Group,?,?,752729,May 2023
Brownie (folklore),?,?,752594,March 2023
Prichard Colón,?,?,752573,September 2023
World War II,?,?,752490,February 2023
Michael Jackson,?,?,752468,August 2023
Guy Ritchie's The Covenant,?,?,752444,May 2023
Raindrop cake,?,?,752379,July 2023
AKA (rapper),?,?,752355,February 2023
Bird Box Barcelona,?,?,752294,July 2023
Pom Klementieff,?,?,752153,July 2023
United Kingdom,?,?,751658,February 2023
Carmelo Anthony,?,?,751436,May 2023
Robert F. Kennedy Jr.,?,?,750970,May 2023
Creed III,?,?,750711,April 2023
Danny Masterson,?,?,750646,June 2023
Rickie Fowler,?,?,750478,June 2023
Easter,?,?,750096,April 2023
Zendaya,?,?,749774,June 2023
Giorgia Meloni,?,?,749701,September 2023
2023 FIFA U-20 World Cup,?,?,749295,May 2023
The Lincoln Lawyer (TV series),?,?,747818,July 2023
Reese Witherspoon,?,?,747761,February 2023
Omegle,?,?,747761,August 2023
Adam Sandler,?,?,747634,September 2023
John Gotti,?,?,747351,October 2023
JioCinema,?,?,746673,May 2023
2023 Cricket World Cup,?,?,746289,July 2023
John F. Kennedy,?,?,745323,July 2023
Lux Pascal,?,?,745256,March 2023
Lionel Richie,?,?,744035,May 2023
Michael Jackson,?,?,744016,May 2023
Vanessa Kirby,?,?,743711,July 2023
List of chief ministers of Karnataka,?,?,743658,May 2023
Scream VI,?,?,743606,April 2023
Charles III,?,?,743313,March 2023
Tom Sizemore,?,?,742842,February 2023
List of Black Mirror episodes,?,?,742564,July 2023
Ponniyin Selvan: I,?,?,742316,April 2023
Mila Kunis,?,?,742215,February 2023
YouTube Music,?,?,741767,April 2023
Om Raut,?,?,741559,June 2023
Lil Tay,?,?,741497,August 2023
UFC 293,?,?,741217,September 2023
The Marvelous Mrs. Maisel,?,?,740998,May 2023
Gigi Hadid,?,?,740868,March 2023
October 2023 Speaker of the United States House of Representatives election,?,?,740805,October 2023
Yvonne McGuinness,?,?,740546,July 2023
United Kingdom,?,?,740524,June 2023
Ruth Handler,?,?,740388,August 2023
2023 G20 New Delhi summit,?,?,740214,September 2023
Ponniyin Selvan: I,?,?,740021,May 2023
Tim Tebow,?,?,739971,August 2023
Farzi,?,?,739965,February 2023
Waco siege,?,?,739600,April 2023
Celine Dion,?,?,739536,April 2023
The Last of Us Part II,?,?,739517,March 2023
YouTube Premium,?,?,739515,May 2023
2023 Leagues Cup,?,?,739186,August 2023
Marvel Cinematic Universe: Phase Five,?,?,738219,February 2023
WhatsApp,?,?,738112,October 2023
Aadhaar,?,?,737993,May 2023
Billy Miller (actor),?,?,737981,September 2023
Backlash (2023),?,?,737863,April 2023
Mrs Chatterjee vs Norway,?,?,737849,May 2023
2023–24 UEFA Champions League,?,?,737674,May 2023
Jackie Chan,?,?,737555,July 2023
Adam Sandler,?,?,737441,March 2023
Recep Tayyip Erdoğan,?,?,737333,May 2023
Lauren London,?,?,736822,February 2023
TikTok,?,?,736723,March 2023
Queen Camilla,?,?,736596,May 2023
List of Marvel Cinematic Universe films,?,?,736469,July 2023
UEFA Champions League,?,?,736059,February 2023
Elizabeth Olsen,?,?,736029,May 2023
Mission: Impossible (film series),?,?,735507,August 2023
Leagues Cup,?,?,735395,August 2023
Baby (2023 film),?,?,735369,July 2023
Yom Kippur,?,?,735281,September 2023
Shah Rukh Khan,?,?,735009,February 2023
YouTube Kids,?,?,734618,May 2023
José M. Hernández,?,?,734496,September 2023
The Pirate Bay,?,?,733875,July 2023
My Fault (film),?,?,733742,July 2023
India–Pakistan cricket rivalry,?,?,733613,September 2023
Android (operating system),?,?,733452,March 2023
Priscilla Presley,?,?,733061,March 2023
2023 NCAA Division I men's basketball tournament,?,?,733028,March 2023
Mission: Impossible – Dead Reckoning Part Two,?,?,732947,July 2023
Japan,?,?,732840,March 2023
Al Nassr FC,?,?,732657,October 2023
Google Translate,?,?,732600,April 2023
Andrew Tate,?,?,732517,August 2023
List of highest-grossing Hindi films,?,?,732214,February 2023
Moonbin,?,?,732125,April 2023
BBC World Service,?,?,731800,July 2023
UEFA Champions League,?,?,731676,August 2023
Kansas City Chiefs,?,?,731206,February 2023
Moving (South Korean TV series),?,?,731186,September 2023
Strays (2023 film),?,?,730918,September 2023
List of Marvel Cinematic Universe films,?,?,730846,June 2023
Hari Nef,?,?,730590,July 2023
2023 Formula One World Championship,?,?,730356,October 2023
Lana Del Rey,?,?,730053,July 2023
Dalai Lama,?,?,729963,April 2023
Leo (2023 Indian film),?,?,729827,September 2023
The Lincoln Lawyer (TV series),?,?,729483,August 2023
Megan Rapinoe,?,?,729464,August 2023
Al Nassr FC,?,?,729436,February 2023
Gran Turismo (film),?,?,729378,September 2023
Jenna Ortega,?,?,729243,May 2023
Clint Eastwood,?,?,729198,June 2023
Nakba,?,?,728841,October 2023
Donald Trump,?,?,728676,July 2023
Chandramukhi 2,?,?,728255,September 2023
"Meghan, Duchess of Sussex",?,?,728142,July 2023
Imran Khan,?,?,727455,May 2023
Scarlett Johansson,?,?,727377,April 2023
Margot Robbie,?,?,726785,September 2023
Kylie Jenner,?,?,726586,September 2023
UFC 287,?,?,726489,April 2023
Robert F. Kennedy Jr.,?,?,726305,August 2023
Clint Eastwood,?,?,726092,July 2023
Manchester United F.C.,?,?,725836,March 2023
Wednesday (TV series),?,?,725833,February 2023
Suits index,?,?,725568,May 2023
Sofía Vergara,?,?,725200,July 2023
Crown Jewel (2023),?,?,725089,October 2023
Mission Raniganj,?,?,725074,October 2023
Tom Brady,?,?,725059,September 2023
UFC 290,?,?,724861,July 2023
Jennifer Aniston,?,?,724002,April 2023
Tiger Woods,?,?,723997,April 2023
Suits (American TV series),?,?,723312,July 2023
Luther (TV series),?,?,723157,March 2023
Indian Super League,?,?,722954,October 2023
Tenet (film),?,?,722898,July 2023
List of inventors killed by their own invention,?,?,722780,June 2023
André Onana,?,?,722320,July 2023
Murray Bartlett,?,?,722057,February 2023
David Koresh,?,?,721810,March 2023
Tahnee Welch,?,?,721767,February 2023
Chelsea F.C.,?,?,721665,February 2023
The Out-Laws (film),?,?,721563,July 2023
Reese Witherspoon,?,?,721054,March 2023
Elizabeth II,?,?,720655,June 2023
World War II,?,?,720400,September 2023
Lockheed Martin F-22 Raptor,?,?,719839,February 2023
Catherine the Great,?,?,719112,May 2023
Brad Pitt,?,?,718951,July 2023
Aadhaar,?,?,717929,August 2023
World War II,?,?,717847,April 2023
Diane Morgan,?,?,717039,February 2023
XXX (2002 film),?,?,716647,March 2023
Adolf Hitler,?,?,716425,August 2023
XXX: State of the Union,?,?,716164,April 2023
Bill Gothard,?,?,715662,June 2023
Artificial intelligence,?,?,715551,July 2023
Pee-wee Herman,?,?,715454,August 2023
The Weeknd,?,?,715333,June 2023
Magic Johnson,?,?,714941,August 2023
Harry Styles,?,?,714847,March 2023
Gary Lineker,?,?,714604,March 2023
Nicolas Cage,?,?,714595,April 2023
Michael Jackson,?,?,714163,October 2023
Pink (singer),?,?,713842,February 2023
Khamzat Chimaev,?,?,713807,October 2023
Rob McElhenney,?,?,713649,April 2023
Vladimir Putin,?,?,713357,March 2023
Gmail,?,?,713276,March 2023
Michael Jackson,?,?,713235,September 2023
Loki (TV series),?,?,712942,October 2023
UEFA Euro 2024 qualifying,?,?,712738,September 2023
"Neatsville, Kentucky",?,?,712633,April 2023
Courteney Cox,?,?,712465,October 2023
Credit Suisse,?,?,712279,March 2023
YouTube Premium,?,?,711963,April 2023
95th Academy Awards,?,?,711956,February 2023
Hawaii,?,?,711704,August 2023
Ryan Mallett,?,?,711382,June 2023
Jayson Tatum,?,?,711310,May 2023
Rob Lowe,?,?,709759,April 2023
Leonardo DiCaprio,?,?,709605,March 2023
.xxx,?,?,709410,October 2023
Michael Jackson,?,?,709295,June 2023
Mia Khalifa,?,?,708983,October 2023
Null,?,?,708744,October 2023
Ryan Reynolds,?,?,708710,February 2023
Pat Robertson,?,?,708693,June 2023
All Quiet on the Western Front (2022 film),?,?,708681,February 2023
No Hard Feelings (2023 film),?,?,708428,October 2023
YouTube Kids,?,?,708293,April 2023
Aditya Chopra,?,?,708188,February 2023
World War I,?,?,707686,October 2023
List of Hindi films of 2023,?,?,707464,May 2023
Marcus Mariota,?,?,706986,July 2023
WhatsApp,?,?,706701,April 2023
Ange Postecoglou,?,?,706619,June 2023
Cat,?,?,705145,September 2023
Maryland,?,?,704448,February 2023
Mike McDaniel,?,?,703556,September 2023
Citadel (TV series),?,?,703426,April 2023
Liverpool F.C.,?,?,703369,August 2023
Suits index,?,?,702763,August 2023
YouTube Music,?,?,702646,February 2023
Ryuichi Sakamoto,?,?,702217,April 2023
Liverpool F.C.,?,?,701703,September 2023
2023 Odisha train collision,?,?,701539,June 2023
Eurovision Song Contest 2023,?,?,701366,February 2023
Challenger Deep,?,?,699792,June 2023
Good Friday,?,?,698619,April 2023
Adolf Hitler,?,?,697767,February 2023
Achraf Hakimi,?,?,697698,April 2023
The Kerala Story,?,?,697321,June 2023
Gabriel Macht,?,?,696945,August 2023
Jimmy Carter,?,?,696807,August 2023
Adam Sandler,?,?,696765,April 2023
Artificial intelligence,?,?,696242,June 2023
ICC Women's T20 World Cup,?,?,696047,February 2023
Coral Castle,?,?,695862,June 2023
Australia,?,?,695235,June 2023
Mount Takahe,?,?,694350,June 2023
Tamerlan Tsarnaev,?,?,694130,April 2023
Alexander Volkanovski,?,?,693686,February 2023
Chandrayaan-1,?,?,693395,August 2023
Cobweb (2023 American film),?,?,692568,August 2023
The Flash (film),?,?,692356,February 2023
Jenna Ortega,?,?,691875,April 2023
Leonardo DiCaprio,?,?,691753,June 2023
Asia Cup,?,?,691721,August 2023
Kenneth Noye,?,?,691448,February 2023
List of NBA champions,?,?,691320,June 2023
Dwayne Johnson,?,?,691142,April 2023
Paul Rudd,?,?,690726,February 2023
Renfield (film),?,?,690355,April 2023
Nate Diaz,?,?,690034,August 2023
Big Brother 25 (American season),?,?,689737,August 2023
Expend4bles,?,?,689599,September 2023
Carlos Alcaraz,?,?,689159,September 2023
Whitney Houston,?,?,688212,February 2023
World War II,?,?,688010,June 2023
Veerappan,?,?,687746,August 2023
Gmail,?,?,687349,April 2023
Barack Obama,?,?,686019,August 2023
Manchester City F.C.,?,?,685340,February 2023
SpaceX Starship,?,?,684516,April 2023
John F. Kennedy,?,?,683316,June 2023
M3GAN,?,?,683099,February 2023
Madonna,?,?,681914,June 2023
Poker Face (TV series),?,?,681683,February 2023
Adolf Hitler,?,?,681517,September 2023
Timothée Chalamet,?,?,681457,April 2023
Video hosting service,?,?,681034,April 2023
Taraka Ratna,?,?,680965,February 2023
Hailee Steinfeld,?,?,680494,June 2023
Alison Brie,?,?,680481,February 2023
2023 in film,?,?,679792,April 2023
Doja Cat,?,?,679552,September 2023
Marilyn Monroe,?,?,679254,June 2023
Real Madrid CF,?,?,679214,February 2023
Priyanka Chopra,?,?,678883,September 2023
XXX (soundtrack),?,?,678795,April 2023
The Pirate Bay,?,?,677256,June 2023
.xxx,?,?,676716,April 2023
FC Barcelona,?,?,676536,September 2023
Mike Tyson,?,?,675995,September 2023
Charles III,?,?,675379,June 2023
YouTube Premium,?,?,675221,February 2023
Tyson Fury,?,?,674773,September 2023
List of highest-grossing films,?,?,674532,June 2023
Nick Sirianni,?,?,673122,February 2023
Joe Alwyn,?,?,672266,April 2023
Lisa Marie Presley,?,?,671983,February 2023
Kepler's Supernova,?,?,671280,September 2023
Virat Kohli,?,?,670170,April 2023
"Neatsville, Kentucky",?,?,670146,June 2023
Apple Inc.,?,?,670096,September 2023
Alia Bhatt,?,?,669076,February 2023
Riley Keough,?,?,668685,April 2023
Steven Spielberg,?,?,668305,February 2023
Null,?,?,668235,September 2023
Ryan Gosling,?,?,667762,September 2023
YouTube Kids,?,?,667464,February 2023
The Pirate Bay,?,?,666770,April 2023
Shubman Gill,?,?,666761,September 2023
2023 Formula One World Championship,?,?,666339,September 2023
Melanie Lynskey,?,?,666230,February 2023
Suits index,?,?,665720,September 2023
Nick Offerman,?,?,665379,February 2023
Japan,?,?,665307,April 2023
Alexandra Grant,?,?,665137,April 2023
JioCinema,?,?,663681,April 2023
The Ashes,?,?,663094,June 2023
2023 in film,?,?,662782,September 2023
Cat Stevens,?,?,662419,June 2023
Singapore,?,?,661838,September 2023
Chris Pratt,?,?,661407,June 2023
Charlotte of Mecklenburg-Strelitz,?,?,660702,June 2023
Jude Bellingham,?,?,659565,September 2023
List of highest-grossing films,?,?,659517,September 2023
Lionel Richie,?,?,659231,April 2023
Queen Victoria,?,?,658246,June 2023
Justin Trudeau,?,?,655802,September 2023
Blake Lively,?,?,655778,April 2023
Adolf Hitler,?,?,654943,June 2023
Marie Antoinette,?,?,653884,April 2023
Axl Rose,?,?,652895,June 2023
Manchester City F.C.,?,?,652114,September 2023
Stellantis,?,?,651170,September 2023
Dan Hurley,?,?,650923,April 2023
Android (operating system),?,?,649490,April 2023
Keanu Reeves,?,?,649074,September 2023
Michael Jackson,?,?,648292,April 2023
Hannah Waddingham,?,?,647726,April 2023
Ganesh Chaturthi,?,?,647541,September 2023
Rocky Aur Rani Kii Prem Kahaani,?,?,646634,September 2023
Adventure Time: Fionna and Cake,?,?,646509,September 2023
Jeremy Allen White,?,?,646324,September 2023
Everything Everywhere All at Once,?,?,646077,April 2023
Jack Nicholson,?,?,645621,April 2023
Narendra Modi,?,?,645385,September 2023
George Foreman,?,?,644498,September 2023
Roman Empire,?,?,643993,September 2023
BBC World Service,?,?,643061,September 2023
Null,?,?,642304,April 2023
2024 United States presidential election,?,?,639975,April 2023
Biggest ball of twine,?,?,639819,September 2023
Manchester United F.C.,?,?,638450,April 2023
Luciane Buchanan,?,?,638235,April 2023
List of Marvel Cinematic Universe films,?,?,638199,April 2023
Ben Foster (footballer),?,?,638102,April 2023
Chelsea F.C.,?,?,638085,April 2023
Stormy Daniels,?,?,637265,April 2023
Brownie (folklore),?,?,635796,April 2023
Celine Dion,?,?,635145,September 2023
Pat McAfee,?,?,633793,September 2023
Kepler's Supernova,?,?,633545,April 2023
List of highest-grossing films,?,?,632567,April 2023
Kieran Culkin,?,?,631482,April 2023
Arnold Schwarzenegger,?,?,630854,April 2023
Jonathan Majors,?,?,630786,April 2023
